{"features":[{"geometry":{"coordinates":[-3.704075,40.41900277777778],"type":"Point"},"properties":{"portal_id":"11007821"},"type":"Feature"},{"geometry":{"coordinates":[-3.704266666666667,40.41918333333333],"type":"Point"},"properties":{"portal_id":"11007822"},"type":"Feature"},{"geometry":{"coordinates":[-3.708616666666667,40.418011111111106],"type":"Point"},"properties":{"portal_id":"11007823"},"type":"Feature"},{"geometry":{"coordinates":[-3.704938888888889,40.41696111111111],"type":"Point"},"properties":{"portal_id":"11007824"},"type":"Feature"},{"geometry":{"coordinates":[-3.705138888888889,40.41699722222222],"type":"Point"},"properties":{"portal_id":"11007825"},"type":"Feature"},{"geometry":{"coordinates":[-3.7053277777777778,40.41704166666666],"type":"Point"},"properties":{"portal_id":"11007826"},"type":"Feature"},{"geometry":{"coordinates":[-3.7055277777777778,40.41705833333333],"type":"Point"},"properties":{"portal_id":"11007827"},"type":"Feature"},{"geometry":{"coordinates":[-3.7057194444444446,40.41711111111111],"type":"Point"},"properties":{"portal_id":"11007828"},"type":"Feature"},{"geometry":{"coordinates":[-3.7064500000000002,40.417294444444444],"type":"Point"},"properties":{"portal_id":"11007830"},"type":"Feature"},{"geometry":{"coordinates":[-3.706827777777778,40.41739166666667],"type":"Point"},"properties":{"portal_id":"11007831"},"type":"Feature"},{"geometry":{"coordinates":[-3.7073138888888892,40.417525],"type":"Point"},"properties":{"portal_id":"11007832"},"type":"Feature"},{"geometry":{"coordinates":[-3.707561111111111,40.41759444444444],"type":"Point"},"properties":{"portal_id":"11007833"},"type":"Feature"},{"geometry":{"coordinates":[-3.7078805555555556,40.41768333333333],"type":"Point"},"properties":{"portal_id":"11007834"},"type":"Feature"},{"geometry":{"coordinates":[-3.7082361111111113,40.41778055555555],"type":"Point"},"properties":{"portal_id":"11007835"},"type":"Feature"},{"geometry":{"coordinates":[-3.708175,40.417608333333334],"type":"Point"},"properties":{"portal_id":"11007837"},"type":"Feature"},{"geometry":{"coordinates":[-3.703675,40.41777222222222],"type":"Point"},"properties":{"portal_id":"11007838"},"type":"Feature"},{"geometry":{"coordinates":[-3.703816666666667,40.41795833333333],"type":"Point"},"properties":{"portal_id":"11007839"},"type":"Feature"},{"geometry":{"coordinates":[-3.7040444444444445,40.41820277777777],"type":"Point"},"properties":{"portal_id":"11007840"},"type":"Feature"},{"geometry":{"coordinates":[-3.7044944444444448,40.418569444444444],"type":"Point"},"properties":{"portal_id":"11007841"},"type":"Feature"},{"geometry":{"coordinates":[-3.704602777777778,40.41864722222222],"type":"Point"},"properties":{"portal_id":"11007842"},"type":"Feature"},{"geometry":{"coordinates":[-3.7046972222222223,40.41873888888889],"type":"Point"},"properties":{"portal_id":"11007843"},"type":"Feature"},{"geometry":{"coordinates":[-3.7047583333333334,40.418819444444445],"type":"Point"},"properties":{"portal_id":"11007844"},"type":"Feature"},{"geometry":{"coordinates":[-3.7048055555555557,40.41888055555555],"type":"Point"},"properties":{"portal_id":"11007845"},"type":"Feature"},{"geometry":{"coordinates":[-3.703875,40.41775277777778],"type":"Point"},"properties":{"portal_id":"11007847"},"type":"Feature"},{"geometry":{"coordinates":[-3.7039472222222223,40.417849999999994],"type":"Point"},"properties":{"portal_id":"11007848"},"type":"Feature"},{"geometry":{"coordinates":[-3.7044944444444448,40.41839722222222],"type":"Point"},"properties":{"portal_id":"11007850"},"type":"Feature"},{"geometry":{"coordinates":[-3.7032805555555557,40.418413888888885],"type":"Point"},"properties":{"portal_id":"11007851"},"type":"Feature"},{"geometry":{"coordinates":[-3.7036694444444445,40.41857222222222],"type":"Point"},"properties":{"portal_id":"11007852"},"type":"Feature"},{"geometry":{"coordinates":[-3.7060750000000002,40.417361111111106],"type":"Point"},"properties":{"portal_id":"11007853"},"type":"Feature"},{"geometry":{"coordinates":[-3.7058722222222222,40.41724444444444],"type":"Point"},"properties":{"portal_id":"11007854"},"type":"Feature"},{"geometry":{"coordinates":[-3.7082972222222224,40.41803055555555],"type":"Point"},"properties":{"portal_id":"11007855"},"type":"Feature"},{"geometry":{"coordinates":[-3.708275,40.41808611111111],"type":"Point"},"properties":{"portal_id":"11007856"},"type":"Feature"},{"geometry":{"coordinates":[-3.7075333333333336,40.41818055555555],"type":"Point"},"properties":{"portal_id":"11007857"},"type":"Feature"},{"geometry":{"coordinates":[-3.7077583333333335,40.418213888888886],"type":"Point"},"properties":{"portal_id":"11007858"},"type":"Feature"},{"geometry":{"coordinates":[-3.7044194444444445,40.41807222222222],"type":"Point"},"properties":{"portal_id":"11007859"},"type":"Feature"},{"geometry":{"coordinates":[-3.7074361111111114,40.417874999999995],"type":"Point"},"properties":{"portal_id":"11007860"},"type":"Feature"},{"geometry":{"coordinates":[-3.707213888888889,40.41811944444444],"type":"Point"},"properties":{"portal_id":"11007861"},"type":"Feature"},{"geometry":{"coordinates":[-3.707425,40.41806388888889],"type":"Point"},"properties":{"portal_id":"11007863"},"type":"Feature"},{"geometry":{"coordinates":[-3.7057583333333337,40.417561111111105],"type":"Point"},"properties":{"portal_id":"11007864"},"type":"Feature"},{"geometry":{"coordinates":[-3.704688888888889,40.41905277777778],"type":"Point"},"properties":{"portal_id":"11007865"},"type":"Feature"},{"geometry":{"coordinates":[-3.7046083333333337,40.41913611111111],"type":"Point"},"properties":{"portal_id":"11007866"},"type":"Feature"},{"geometry":{"coordinates":[-3.704513888888889,40.419216666666664],"type":"Point"},"properties":{"portal_id":"11007867"},"type":"Feature"},{"geometry":{"coordinates":[-3.7042361111111113,40.417525],"type":"Point"},"properties":{"portal_id":"11007869"},"type":"Feature"},{"geometry":{"coordinates":[-3.704286111111111,40.417605555555554],"type":"Point"},"properties":{"portal_id":"11007870"},"type":"Feature"},{"geometry":{"coordinates":[-3.704705555555556,40.41823333333333],"type":"Point"},"properties":{"portal_id":"11007872"},"type":"Feature"},{"geometry":{"coordinates":[-3.704388888888889,40.41743333333333],"type":"Point"},"properties":{"portal_id":"11007874"},"type":"Feature"},{"geometry":{"coordinates":[-3.704627777777778,40.41780277777777],"type":"Point"},"properties":{"portal_id":"11007875"},"type":"Feature"},{"geometry":{"coordinates":[-3.704713888888889,40.41792777777778],"type":"Point"},"properties":{"portal_id":"11007876"},"type":"Feature"},{"geometry":{"coordinates":[-3.7048694444444448,40.41816111111111],"type":"Point"},"properties":{"portal_id":"11007877"},"type":"Feature"},{"geometry":{"coordinates":[-3.705061111111111,40.418438888888886],"type":"Point"},"properties":{"portal_id":"11007878"},"type":"Feature"},{"geometry":{"coordinates":[-3.7046083333333337,40.416936111111106],"type":"Point"},"properties":{"portal_id":"11007879"},"type":"Feature"},{"geometry":{"coordinates":[-3.704302777777778,40.41701944444444],"type":"Point"},"properties":{"portal_id":"11007880"},"type":"Feature"},{"geometry":{"coordinates":[-3.7038222222222226,40.41721111111111],"type":"Point"},"properties":{"portal_id":"11007881"},"type":"Feature"},{"geometry":{"coordinates":[-3.704013888888889,40.418680555555554],"type":"Point"},"properties":{"portal_id":"11007882"},"type":"Feature"},{"geometry":{"coordinates":[-3.707066666666667,40.41768888888889],"type":"Point"},"properties":{"portal_id":"11007883"},"type":"Feature"},{"geometry":{"coordinates":[-3.7069666666666667,40.41815555555555],"type":"Point"},"properties":{"portal_id":"11007884"},"type":"Feature"},{"geometry":{"coordinates":[-3.7082055555555558,40.418194444444445],"type":"Point"},"properties":{"portal_id":"11007886"},"type":"Feature"},{"geometry":{"coordinates":[-3.7055444444444445,40.41741666666666],"type":"Point"},"properties":{"portal_id":"11007899"},"type":"Feature"},{"geometry":{"coordinates":[-3.705402777777778,40.417408333333334],"type":"Point"},"properties":{"portal_id":"11007900"},"type":"Feature"},{"geometry":{"coordinates":[-3.7051194444444446,40.41735833333333],"type":"Point"},"properties":{"portal_id":"11007902"},"type":"Feature"},{"geometry":{"coordinates":[-3.7046111111111113,40.41727777777778],"type":"Point"},"properties":{"portal_id":"11007905"},"type":"Feature"},{"geometry":{"coordinates":[-3.7038722222222225,40.417563888888886],"type":"Point"},"properties":{"portal_id":"11007907"},"type":"Feature"},{"geometry":{"coordinates":[-3.703416666666667,40.41795277777778],"type":"Point"},"properties":{"portal_id":"11007909"},"type":"Feature"},{"geometry":{"coordinates":[-3.705888888888889,40.417677777777776],"type":"Point"},"properties":{"portal_id":"11007911"},"type":"Feature"},{"geometry":{"coordinates":[-3.705105555555556,40.418194444444445],"type":"Point"},"properties":{"portal_id":"11007912"},"type":"Feature"},{"geometry":{"coordinates":[-3.705341666666667,40.418274999999994],"type":"Point"},"properties":{"portal_id":"11007913"},"type":"Feature"},{"geometry":{"coordinates":[-3.7052722222222223,40.418363888888884],"type":"Point"},"properties":{"portal_id":"11007914"},"type":"Feature"},{"geometry":{"coordinates":[-3.7048722222222223,40.41849444444444],"type":"Point"},"properties":{"portal_id":"11007915"},"type":"Feature"},{"geometry":{"coordinates":[-3.7049083333333335,40.41855555555556],"type":"Point"},"properties":{"portal_id":"11007916"},"type":"Feature"},{"geometry":{"coordinates":[-3.7048972222222223,40.418772222222216],"type":"Point"},"properties":{"portal_id":"11007917"},"type":"Feature"},{"geometry":{"coordinates":[-3.7048388888888892,40.4187],"type":"Point"},"properties":{"portal_id":"11007918"},"type":"Feature"},{"geometry":{"coordinates":[-3.7046833333333336,40.418549999999996],"type":"Point"},"properties":{"portal_id":"11007919"},"type":"Feature"},{"geometry":{"coordinates":[-3.704766666666667,40.41863055555555],"type":"Point"},"properties":{"portal_id":"11007920"},"type":"Feature"},{"geometry":{"coordinates":[-3.704588888888889,40.418477777777774],"type":"Point"},"properties":{"portal_id":"11007923"},"type":"Feature"},{"geometry":{"coordinates":[-3.704427777777778,40.41781111111111],"type":"Point"},"properties":{"portal_id":"11007925"},"type":"Feature"},{"geometry":{"coordinates":[-3.7043472222222222,40.417966666666665],"type":"Point"},"properties":{"portal_id":"11007927"},"type":"Feature"},{"geometry":{"coordinates":[-3.704313888888889,40.417991666666666],"type":"Point"},"properties":{"portal_id":"11007929"},"type":"Feature"},{"geometry":{"coordinates":[-3.704016666666667,40.41793055555555],"type":"Point"},"properties":{"portal_id":"11007931"},"type":"Feature"},{"geometry":{"coordinates":[-3.7082055555555558,40.41716666666667],"type":"Point"},"properties":{"portal_id":"11007934"},"type":"Feature"},{"geometry":{"coordinates":[-3.708661111111111,40.41685833333333],"type":"Point"},"properties":{"portal_id":"11007935"},"type":"Feature"},{"geometry":{"coordinates":[-3.708663888888889,40.41693055555555],"type":"Point"},"properties":{"portal_id":"11007937"},"type":"Feature"},{"geometry":{"coordinates":[-3.7086194444444445,40.41717222222222],"type":"Point"},"properties":{"portal_id":"11007940"},"type":"Feature"},{"geometry":{"coordinates":[-3.7085972222222225,40.41733611111111],"type":"Point"},"properties":{"portal_id":"11007941"},"type":"Feature"},{"geometry":{"coordinates":[-3.708563888888889,40.41755277777778],"type":"Point"},"properties":{"portal_id":"11007942"},"type":"Feature"},{"geometry":{"coordinates":[-3.690005555555556,40.41467222222222],"type":"Point"},"properties":{"portal_id":"11012821"},"type":"Feature"},{"geometry":{"coordinates":[-3.689827777777778,40.41466666666666],"type":"Point"},"properties":{"portal_id":"11012822"},"type":"Feature"},{"geometry":{"coordinates":[-3.689591666666667,40.41466666666666],"type":"Point"},"properties":{"portal_id":"11012823"},"type":"Feature"},{"geometry":{"coordinates":[-3.689438888888889,40.41466666666666],"type":"Point"},"properties":{"portal_id":"11012824"},"type":"Feature"},{"geometry":{"coordinates":[-3.690961111111111,40.414830555555554],"type":"Point"},"properties":{"portal_id":"11012826"},"type":"Feature"},{"geometry":{"coordinates":[-3.6891972222222225,40.41633611111111],"type":"Point"},"properties":{"portal_id":"11012835"},"type":"Feature"},{"geometry":{"coordinates":[-3.6891833333333337,40.41609166666667],"type":"Point"},"properties":{"portal_id":"11012836"},"type":"Feature"},{"geometry":{"coordinates":[-3.689177777777778,40.41566944444444],"type":"Point"},"properties":{"portal_id":"11012837"},"type":"Feature"},{"geometry":{"coordinates":[-3.6892333333333336,40.41527222222222],"type":"Point"},"properties":{"portal_id":"11012838"},"type":"Feature"},{"geometry":{"coordinates":[-3.6891194444444446,40.41453333333333],"type":"Point"},"properties":{"portal_id":"11012839"},"type":"Feature"},{"geometry":{"coordinates":[-3.689116666666667,40.41421944444444],"type":"Point"},"properties":{"portal_id":"11012840"},"type":"Feature"},{"geometry":{"coordinates":[-3.691788888888889,40.416266666666665],"type":"Point"},"properties":{"portal_id":"11012842"},"type":"Feature"},{"geometry":{"coordinates":[-3.691363888888889,40.41629722222222],"type":"Point"},"properties":{"portal_id":"11012843"},"type":"Feature"},{"geometry":{"coordinates":[-3.6911305555555556,40.41630555555555],"type":"Point"},"properties":{"portal_id":"11012844"},"type":"Feature"},{"geometry":{"coordinates":[-3.6909055555555557,40.416325],"type":"Point"},"properties":{"portal_id":"11012845"},"type":"Feature"},{"geometry":{"coordinates":[-3.6907055555555557,40.41633611111111],"type":"Point"},"properties":{"portal_id":"11012846"},"type":"Feature"},{"geometry":{"coordinates":[-3.6902333333333335,40.41636666666667],"type":"Point"},"properties":{"portal_id":"11012847"},"type":"Feature"},{"geometry":{"coordinates":[-3.6900222222222223,40.41638611111111],"type":"Point"},"properties":{"portal_id":"11012848"},"type":"Feature"},{"geometry":{"coordinates":[-3.689775,40.41639444444444],"type":"Point"},"properties":{"portal_id":"11012849"},"type":"Feature"},{"geometry":{"coordinates":[-3.6894694444444447,40.41641666666666],"type":"Point"},"properties":{"portal_id":"11012850"},"type":"Feature"},{"geometry":{"coordinates":[-3.690952777777778,40.41401944444444],"type":"Point"},"properties":{"portal_id":"11012852"},"type":"Feature"},{"geometry":{"coordinates":[-3.689716666666667,40.41403611111111],"type":"Point"},"properties":{"portal_id":"11012854"},"type":"Feature"},{"geometry":{"coordinates":[-3.6896222222222224,40.41403611111111],"type":"Point"},"properties":{"portal_id":"11012855"},"type":"Feature"},{"geometry":{"coordinates":[-3.690916666666667,40.41507222222222],"type":"Point"},"properties":{"portal_id":"11012857"},"type":"Feature"},{"geometry":{"coordinates":[-3.6899611111111112,40.41498055555555],"type":"Point"},"properties":{"portal_id":"11012859"},"type":"Feature"},{"geometry":{"coordinates":[-3.6897361111111113,40.41498055555555],"type":"Point"},"properties":{"portal_id":"11012860"},"type":"Feature"},{"geometry":{"coordinates":[-3.6895000000000002,40.41498333333333],"type":"Point"},"properties":{"portal_id":"11012861"},"type":"Feature"},{"geometry":{"coordinates":[-3.692463888888889,40.41534444444444],"type":"Point"},"properties":{"portal_id":"11012863"},"type":"Feature"},{"geometry":{"coordinates":[-3.692027777777778,40.41534722222222],"type":"Point"},"properties":{"portal_id":"11012864"},"type":"Feature"},{"geometry":{"coordinates":[-3.691766666666667,40.41535555555556],"type":"Point"},"properties":{"portal_id":"11012865"},"type":"Feature"},{"geometry":{"coordinates":[-3.691238888888889,40.41536111111111],"type":"Point"},"properties":{"portal_id":"11012866"},"type":"Feature"},{"geometry":{"coordinates":[-3.6906944444444445,40.415372222222224],"type":"Point"},"properties":{"portal_id":"11012867"},"type":"Feature"},{"geometry":{"coordinates":[-3.6920222222222225,40.41613888888889],"type":"Point"},"properties":{"portal_id":"11012869"},"type":"Feature"},{"geometry":{"coordinates":[-3.692127777777778,40.41598611111111],"type":"Point"},"properties":{"portal_id":"11012870"},"type":"Feature"},{"geometry":{"coordinates":[-3.692338888888889,40.41582222222222],"type":"Point"},"properties":{"portal_id":"11012871"},"type":"Feature"},{"geometry":{"coordinates":[-3.692619444444445,40.41571111111111],"type":"Point"},"properties":{"portal_id":"11012872"},"type":"Feature"},{"geometry":{"coordinates":[-3.6903333333333337,40.4157],"type":"Point"},"properties":{"portal_id":"11012874"},"type":"Feature"},{"geometry":{"coordinates":[-3.690902777777778,40.41611944444444],"type":"Point"},"properties":{"portal_id":"11012879"},"type":"Feature"},{"geometry":{"coordinates":[-3.6900083333333336,40.416133333333335],"type":"Point"},"properties":{"portal_id":"11012882"},"type":"Feature"},{"geometry":{"coordinates":[-3.689416666666667,40.41600277777778],"type":"Point"},"properties":{"portal_id":"11012885"},"type":"Feature"},{"geometry":{"coordinates":[-3.690277777777778,40.41497777777778],"type":"Point"},"properties":{"portal_id":"11012890"},"type":"Feature"},{"geometry":{"coordinates":[-3.690263888888889,40.41459166666667],"type":"Point"},"properties":{"portal_id":"11012891"},"type":"Feature"},{"geometry":{"coordinates":[-3.6902611111111114,40.414427777777775],"type":"Point"},"properties":{"portal_id":"11012892"},"type":"Feature"},{"geometry":{"coordinates":[-3.6902611111111114,40.414274999999996],"type":"Point"},"properties":{"portal_id":"11012893"},"type":"Feature"},{"geometry":{"coordinates":[-3.6902472222222227,40.41408611111111],"type":"Point"},"properties":{"portal_id":"11012894"},"type":"Feature"},{"geometry":{"coordinates":[-3.6916222222222226,40.415997222222224],"type":"Point"},"properties":{"portal_id":"11012896"},"type":"Feature"},{"geometry":{"coordinates":[-3.6916194444444446,40.415816666666665],"type":"Point"},"properties":{"portal_id":"11012897"},"type":"Feature"},{"geometry":{"coordinates":[-3.691616666666667,40.415663888888886],"type":"Point"},"properties":{"portal_id":"11012898"},"type":"Feature"},{"geometry":{"coordinates":[-3.6914083333333334,40.416044444444445],"type":"Point"},"properties":{"portal_id":"11012901"},"type":"Feature"},{"geometry":{"coordinates":[-3.691405555555556,40.415683333333334],"type":"Point"},"properties":{"portal_id":"11012902"},"type":"Feature"},{"geometry":{"coordinates":[-3.6913750000000003,40.414944444444444],"type":"Point"},"properties":{"portal_id":"11012904"},"type":"Feature"},{"geometry":{"coordinates":[-3.6914888888888893,40.41448333333333],"type":"Point"},"properties":{"portal_id":"11012905"},"type":"Feature"},{"geometry":{"coordinates":[-3.6891361111111114,40.414902777777776],"type":"Point"},"properties":{"portal_id":"11012906"},"type":"Feature"},{"geometry":{"coordinates":[-3.6710805555555552,40.41647777777778],"type":"Point"},"properties":{"portal_id":"11013595"},"type":"Feature"},{"geometry":{"coordinates":[-3.6707388888888888,40.416463888888885],"type":"Point"},"properties":{"portal_id":"11013596"},"type":"Feature"},{"geometry":{"coordinates":[-3.6706583333333334,40.41645277777778],"type":"Point"},"properties":{"portal_id":"11013597"},"type":"Feature"},{"geometry":{"coordinates":[-3.67035,40.41643888888889],"type":"Point"},"properties":{"portal_id":"11013598"},"type":"Feature"},{"geometry":{"coordinates":[-3.670197222222222,40.41643055555556],"type":"Point"},"properties":{"portal_id":"11013599"},"type":"Feature"},{"geometry":{"coordinates":[-3.669972222222222,40.41641388888889],"type":"Point"},"properties":{"portal_id":"11013600"},"type":"Feature"},{"geometry":{"coordinates":[-3.6714583333333333,40.416333333333334],"type":"Point"},"properties":{"portal_id":"11013601"},"type":"Feature"},{"geometry":{"coordinates":[-3.6714777777777776,40.416125],"type":"Point"},"properties":{"portal_id":"11013602"},"type":"Feature"},{"geometry":{"coordinates":[-3.7065472222222224,40.47723888888889],"type":"Point"},"properties":{"portal_id":"11046734"},"type":"Feature"},{"geometry":{"coordinates":[-3.7355111111111112,40.39831111111111],"type":"Point"},"properties":{"portal_id":"11059060"},"type":"Feature"},{"geometry":{"coordinates":[-3.7359916666666666,40.39812777777778],"type":"Point"},"properties":{"portal_id":"11059063"},"type":"Feature"},{"geometry":{"coordinates":[-3.7359916666666666,40.39816388888889],"type":"Point"},"properties":{"portal_id":"11059064"},"type":"Feature"},{"geometry":{"coordinates":[-3.7359944444444446,40.3982],"type":"Point"},"properties":{"portal_id":"11059065"},"type":"Feature"},{"geometry":{"coordinates":[-3.7359944444444446,40.39823611111111],"type":"Point"},"properties":{"portal_id":"11059066"},"type":"Feature"},{"geometry":{"coordinates":[-3.7359944444444446,40.398272222222225],"type":"Point"},"properties":{"portal_id":"11059067"},"type":"Feature"},{"geometry":{"coordinates":[-3.7357,40.398266666666665],"type":"Point"},"properties":{"portal_id":"11059068"},"type":"Feature"},{"geometry":{"coordinates":[-3.7357,40.39823055555556],"type":"Point"},"properties":{"portal_id":"11059069"},"type":"Feature"},{"geometry":{"coordinates":[-3.7357,40.39819444444444],"type":"Point"},"properties":{"portal_id":"11059070"},"type":"Feature"},{"geometry":{"coordinates":[-3.7356972222222224,40.39814722222222],"type":"Point"},"properties":{"portal_id":"11059071"},"type":"Feature"},{"geometry":{"coordinates":[-3.7356972222222224,40.39811111111111],"type":"Point"},"properties":{"portal_id":"11059072"},"type":"Feature"},{"geometry":{"coordinates":[-3.7356972222222224,40.39807777777778],"type":"Point"},"properties":{"portal_id":"11059073"},"type":"Feature"},{"geometry":{"coordinates":[-3.735708333333333,40.398041666666664],"type":"Point"},"properties":{"portal_id":"11059074"},"type":"Feature"},{"geometry":{"coordinates":[-3.7359666666666667,40.397958333333335],"type":"Point"},"properties":{"portal_id":"11059075"},"type":"Feature"},{"geometry":{"coordinates":[-3.736025,40.397958333333335],"type":"Point"},"properties":{"portal_id":"11059076"},"type":"Feature"},{"geometry":{"coordinates":[-3.736086111111111,40.397955555555555],"type":"Point"},"properties":{"portal_id":"11059077"},"type":"Feature"},{"geometry":{"coordinates":[-3.7361444444444447,40.39796666666667],"type":"Point"},"properties":{"portal_id":"11059078"},"type":"Feature"},{"geometry":{"coordinates":[-3.7362027777777778,40.39796388888889],"type":"Point"},"properties":{"portal_id":"11059079"},"type":"Feature"},{"geometry":{"coordinates":[-3.7362611111111113,40.39796388888889],"type":"Point"},"properties":{"portal_id":"11059080"},"type":"Feature"},{"geometry":{"coordinates":[-3.7363083333333336,40.39796388888889],"type":"Point"},"properties":{"portal_id":"11059081"},"type":"Feature"},{"geometry":{"coordinates":[-3.7363666666666666,40.39796388888889],"type":"Point"},"properties":{"portal_id":"11059082"},"type":"Feature"},{"geometry":{"coordinates":[-3.736438888888889,40.39797222222222],"type":"Point"},"properties":{"portal_id":"11059083"},"type":"Feature"},{"geometry":{"coordinates":[-3.736463888888889,40.39807222222222],"type":"Point"},"properties":{"portal_id":"11059084"},"type":"Feature"},{"geometry":{"coordinates":[-3.736638888888889,40.39788055555555],"type":"Point"},"properties":{"portal_id":"11059085"},"type":"Feature"},{"geometry":{"coordinates":[-3.7368277777777776,40.39790833333333],"type":"Point"},"properties":{"portal_id":"11059086"},"type":"Feature"},{"geometry":{"coordinates":[-3.7371222222222222,40.39791388888889],"type":"Point"},"properties":{"portal_id":"11059087"},"type":"Feature"},{"geometry":{"coordinates":[-3.737111111111111,40.39795],"type":"Point"},"properties":{"portal_id":"11059088"},"type":"Feature"},{"geometry":{"coordinates":[-3.737111111111111,40.39798611111111],"type":"Point"},"properties":{"portal_id":"11059089"},"type":"Feature"},{"geometry":{"coordinates":[-3.737111111111111,40.398022222222224],"type":"Point"},"properties":{"portal_id":"11059090"},"type":"Feature"},{"geometry":{"coordinates":[-3.737111111111111,40.39810277777778],"type":"Point"},"properties":{"portal_id":"11059092"},"type":"Feature"},{"geometry":{"coordinates":[-3.737111111111111,40.39813888888889],"type":"Point"},"properties":{"portal_id":"11059093"},"type":"Feature"},{"geometry":{"coordinates":[-3.7371,40.398175],"type":"Point"},"properties":{"portal_id":"11059094"},"type":"Feature"},{"geometry":{"coordinates":[-3.7368055555555557,40.39816944444444],"type":"Point"},"properties":{"portal_id":"11059095"},"type":"Feature"},{"geometry":{"coordinates":[-3.736816666666667,40.39812222222222],"type":"Point"},"properties":{"portal_id":"11059096"},"type":"Feature"},{"geometry":{"coordinates":[-3.736816666666667,40.39809722222222],"type":"Point"},"properties":{"portal_id":"11059097"},"type":"Feature"},{"geometry":{"coordinates":[-3.736816666666667,40.39806111111111],"type":"Point"},"properties":{"portal_id":"11059098"},"type":"Feature"},{"geometry":{"coordinates":[-3.736816666666667,40.398025],"type":"Point"},"properties":{"portal_id":"11059099"},"type":"Feature"},{"geometry":{"coordinates":[-3.736816666666667,40.39798888888889],"type":"Point"},"properties":{"portal_id":"11059100"},"type":"Feature"},{"geometry":{"coordinates":[-3.7368277777777776,40.397952777777775],"type":"Point"},"properties":{"portal_id":"11059101"},"type":"Feature"},{"geometry":{"coordinates":[-3.7366555555555556,40.39745833333333],"type":"Point"},"properties":{"portal_id":"11059102"},"type":"Feature"},{"geometry":{"coordinates":[-3.736788888888889,40.39756388888889],"type":"Point"},"properties":{"portal_id":"11059103"},"type":"Feature"},{"geometry":{"coordinates":[-3.7367861111111114,40.397527777777775],"type":"Point"},"properties":{"portal_id":"11059104"},"type":"Feature"},{"geometry":{"coordinates":[-3.7368,40.39749166666667],"type":"Point"},"properties":{"portal_id":"11059105"},"type":"Feature"},{"geometry":{"coordinates":[-3.736797222222222,40.39744722222222],"type":"Point"},"properties":{"portal_id":"11059106"},"type":"Feature"},{"geometry":{"coordinates":[-3.736797222222222,40.39741111111111],"type":"Point"},"properties":{"portal_id":"11059107"},"type":"Feature"},{"geometry":{"coordinates":[-3.736797222222222,40.397375],"type":"Point"},"properties":{"portal_id":"11059108"},"type":"Feature"},{"geometry":{"coordinates":[-3.7370916666666667,40.397391666666664],"type":"Point"},"properties":{"portal_id":"11059109"},"type":"Feature"},{"geometry":{"coordinates":[-3.7370916666666667,40.39742777777778],"type":"Point"},"properties":{"portal_id":"11059110"},"type":"Feature"},{"geometry":{"coordinates":[-3.7370916666666667,40.397463888888886],"type":"Point"},"properties":{"portal_id":"11059111"},"type":"Feature"},{"geometry":{"coordinates":[-3.7370944444444447,40.39749166666667],"type":"Point"},"properties":{"portal_id":"11059112"},"type":"Feature"},{"geometry":{"coordinates":[-3.7370833333333335,40.39753611111111],"type":"Point"},"properties":{"portal_id":"11059113"},"type":"Feature"},{"geometry":{"coordinates":[-3.7370833333333335,40.39757222222222],"type":"Point"},"properties":{"portal_id":"11059114"},"type":"Feature"},{"geometry":{"coordinates":[-3.73695,40.397238888888886],"type":"Point"},"properties":{"portal_id":"11059115"},"type":"Feature"},{"geometry":{"coordinates":[-3.737188888888889,40.3975],"type":"Point"},"properties":{"portal_id":"11059116"},"type":"Feature"},{"geometry":{"coordinates":[-3.7372472222222224,40.3975],"type":"Point"},"properties":{"portal_id":"11059117"},"type":"Feature"},{"geometry":{"coordinates":[-3.7373055555555554,40.397508333333334],"type":"Point"},"properties":{"portal_id":"11059118"},"type":"Feature"},{"geometry":{"coordinates":[-3.737363888888889,40.397508333333334],"type":"Point"},"properties":{"portal_id":"11059119"},"type":"Feature"},{"geometry":{"coordinates":[-3.7374222222222224,40.397505555555554],"type":"Point"},"properties":{"portal_id":"11059120"},"type":"Feature"},{"geometry":{"coordinates":[-3.7374833333333335,40.397505555555554],"type":"Point"},"properties":{"portal_id":"11059121"},"type":"Feature"},{"geometry":{"coordinates":[-3.7375416666666665,40.39751388888889],"type":"Point"},"properties":{"portal_id":"11059122"},"type":"Feature"},{"geometry":{"coordinates":[-3.7376,40.39751388888889],"type":"Point"},"properties":{"portal_id":"11059123"},"type":"Feature"},{"geometry":{"coordinates":[-3.7376583333333335,40.39751388888889],"type":"Point"},"properties":{"portal_id":"11059124"},"type":"Feature"},{"geometry":{"coordinates":[-3.7377166666666666,40.39751388888889],"type":"Point"},"properties":{"portal_id":"11059125"},"type":"Feature"},{"geometry":{"coordinates":[-3.737763888888889,40.39751388888889],"type":"Point"},"properties":{"portal_id":"11059126"},"type":"Feature"},{"geometry":{"coordinates":[-3.737836111111111,40.39752222222222],"type":"Point"},"properties":{"portal_id":"11059127"},"type":"Feature"},{"geometry":{"coordinates":[-3.737375,40.397327777777775],"type":"Point"},"properties":{"portal_id":"11059128"},"type":"Feature"},{"geometry":{"coordinates":[-3.7374222222222224,40.39733611111111],"type":"Point"},"properties":{"portal_id":"11059129"},"type":"Feature"},{"geometry":{"coordinates":[-3.7374805555555555,40.39733611111111],"type":"Point"},"properties":{"portal_id":"11059130"},"type":"Feature"},{"geometry":{"coordinates":[-3.737538888888889,40.39733611111111],"type":"Point"},"properties":{"portal_id":"11059131"},"type":"Feature"},{"geometry":{"coordinates":[-3.7375972222222225,40.397333333333336],"type":"Point"},"properties":{"portal_id":"11059132"},"type":"Feature"},{"geometry":{"coordinates":[-3.7376583333333335,40.39734444444444],"type":"Point"},"properties":{"portal_id":"11059133"},"type":"Feature"},{"geometry":{"coordinates":[-3.7377166666666666,40.39734166666667],"type":"Point"},"properties":{"portal_id":"11059134"},"type":"Feature"},{"geometry":{"coordinates":[-3.737775,40.39734166666667],"type":"Point"},"properties":{"portal_id":"11059135"},"type":"Feature"},{"geometry":{"coordinates":[-3.7378333333333336,40.39734166666667],"type":"Point"},"properties":{"portal_id":"11059136"},"type":"Feature"},{"geometry":{"coordinates":[-3.737061111111111,40.39768055555555],"type":"Point"},"properties":{"portal_id":"11059153"},"type":"Feature"},{"geometry":{"coordinates":[-3.737625,40.39769444444445],"type":"Point"},"properties":{"portal_id":"11059154"},"type":"Feature"},{"geometry":{"coordinates":[-3.7371583333333334,40.39706666666667],"type":"Point"},"properties":{"portal_id":"11059155"},"type":"Feature"},{"geometry":{"coordinates":[-3.73715,40.39724722222222],"type":"Point"},"properties":{"portal_id":"11059156"},"type":"Feature"},{"geometry":{"coordinates":[-3.737336111111111,40.39711944444444],"type":"Point"},"properties":{"portal_id":"11059157"},"type":"Feature"},{"geometry":{"coordinates":[-3.7373833333333333,40.39709166666667],"type":"Point"},"properties":{"portal_id":"11059158"},"type":"Feature"},{"geometry":{"coordinates":[-3.7374416666666668,40.3971],"type":"Point"},"properties":{"portal_id":"11059159"},"type":"Feature"},{"geometry":{"coordinates":[-3.737502777777778,40.3971],"type":"Point"},"properties":{"portal_id":"11059160"},"type":"Feature"},{"geometry":{"coordinates":[-3.7381277777777777,40.39727777777778],"type":"Point"},"properties":{"portal_id":"11059161"},"type":"Feature"},{"geometry":{"coordinates":[-3.7380166666666668,40.397891666666666],"type":"Point"},"properties":{"portal_id":"11059163"},"type":"Feature"},{"geometry":{"coordinates":[-3.7380166666666668,40.3978],"type":"Point"},"properties":{"portal_id":"11059164"},"type":"Feature"},{"geometry":{"coordinates":[-3.738027777777778,40.39771111111111],"type":"Point"},"properties":{"portal_id":"11059165"},"type":"Feature"},{"geometry":{"coordinates":[-3.738025,40.39763055555556],"type":"Point"},"properties":{"portal_id":"11059166"},"type":"Feature"},{"geometry":{"coordinates":[-3.738036111111111,40.39753888888889],"type":"Point"},"properties":{"portal_id":"11059167"},"type":"Feature"},{"geometry":{"coordinates":[-3.738036111111111,40.39745833333333],"type":"Point"},"properties":{"portal_id":"11059168"},"type":"Feature"},{"geometry":{"coordinates":[-3.7382,40.39745555555555],"type":"Point"},"properties":{"portal_id":"11059169"},"type":"Feature"},{"geometry":{"coordinates":[-3.738188888888889,40.39754722222222],"type":"Point"},"properties":{"portal_id":"11059170"},"type":"Feature"},{"geometry":{"coordinates":[-3.738191666666667,40.39763611111111],"type":"Point"},"properties":{"portal_id":"11059171"},"type":"Feature"},{"geometry":{"coordinates":[-3.7381805555555556,40.39771944444444],"type":"Point"},"properties":{"portal_id":"11059172"},"type":"Feature"},{"geometry":{"coordinates":[-3.7381805555555556,40.39780833333333],"type":"Point"},"properties":{"portal_id":"11059173"},"type":"Feature"},{"geometry":{"coordinates":[-3.7381805555555556,40.397888888888886],"type":"Point"},"properties":{"portal_id":"11059174"},"type":"Feature"},{"geometry":{"coordinates":[-3.738261111111111,40.397727777777774],"type":"Point"},"properties":{"portal_id":"11059175"},"type":"Feature"},{"geometry":{"coordinates":[-3.738261111111111,40.39763611111111],"type":"Point"},"properties":{"portal_id":"11059176"},"type":"Feature"},{"geometry":{"coordinates":[-3.738272222222222,40.39754722222222],"type":"Point"},"properties":{"portal_id":"11059177"},"type":"Feature"},{"geometry":{"coordinates":[-3.738272222222222,40.39745555555555],"type":"Point"},"properties":{"portal_id":"11059178"},"type":"Feature"},{"geometry":{"coordinates":[-3.7382694444444446,40.397375],"type":"Point"},"properties":{"portal_id":"11059179"},"type":"Feature"},{"geometry":{"coordinates":[-3.738280555555556,40.39726666666667],"type":"Point"},"properties":{"portal_id":"11059180"},"type":"Feature"},{"geometry":{"coordinates":[-3.738280555555556,40.397194444444445],"type":"Point"},"properties":{"portal_id":"11059181"},"type":"Feature"},{"geometry":{"coordinates":[-3.7384444444444447,40.39721111111111],"type":"Point"},"properties":{"portal_id":"11059182"},"type":"Feature"},{"geometry":{"coordinates":[-3.7384333333333335,40.39729444444444],"type":"Point"},"properties":{"portal_id":"11059183"},"type":"Feature"},{"geometry":{"coordinates":[-3.738436111111111,40.39738333333333],"type":"Point"},"properties":{"portal_id":"11059184"},"type":"Feature"},{"geometry":{"coordinates":[-3.738436111111111,40.397463888888886],"type":"Point"},"properties":{"portal_id":"11059185"},"type":"Feature"},{"geometry":{"coordinates":[-3.738425,40.397555555555556],"type":"Point"},"properties":{"portal_id":"11059186"},"type":"Feature"},{"geometry":{"coordinates":[-3.738425,40.39763611111111],"type":"Point"},"properties":{"portal_id":"11059187"},"type":"Feature"},{"geometry":{"coordinates":[-3.7384166666666667,40.397725],"type":"Point"},"properties":{"portal_id":"11059188"},"type":"Feature"},{"geometry":{"coordinates":[-3.738516666666667,40.39720277777778],"type":"Point"},"properties":{"portal_id":"11059189"},"type":"Feature"},{"geometry":{"coordinates":[-3.738516666666667,40.39729166666667],"type":"Point"},"properties":{"portal_id":"11059190"},"type":"Feature"},{"geometry":{"coordinates":[-3.738516666666667,40.39738333333333],"type":"Point"},"properties":{"portal_id":"11059191"},"type":"Feature"},{"geometry":{"coordinates":[-3.7385083333333333,40.397463888888886],"type":"Point"},"properties":{"portal_id":"11059192"},"type":"Feature"},{"geometry":{"coordinates":[-3.7385083333333333,40.397552777777776],"type":"Point"},"properties":{"portal_id":"11059193"},"type":"Feature"},{"geometry":{"coordinates":[-3.738497222222222,40.397644444444445],"type":"Point"},"properties":{"portal_id":"11059194"},"type":"Feature"},{"geometry":{"coordinates":[-3.738497222222222,40.397733333333335],"type":"Point"},"properties":{"portal_id":"11059195"},"type":"Feature"},{"geometry":{"coordinates":[-3.7386500000000003,40.397733333333335],"type":"Point"},"properties":{"portal_id":"11059196"},"type":"Feature"},{"geometry":{"coordinates":[-3.738661111111111,40.397644444444445],"type":"Point"},"properties":{"portal_id":"11059197"},"type":"Feature"},{"geometry":{"coordinates":[-3.738661111111111,40.39756111111111],"type":"Point"},"properties":{"portal_id":"11059198"},"type":"Feature"},{"geometry":{"coordinates":[-3.738672222222222,40.39747222222222],"type":"Point"},"properties":{"portal_id":"11059199"},"type":"Feature"},{"geometry":{"coordinates":[-3.738672222222222,40.39738055555556],"type":"Point"},"properties":{"portal_id":"11059200"},"type":"Feature"},{"geometry":{"coordinates":[-3.7386694444444446,40.3973],"type":"Point"},"properties":{"portal_id":"11059201"},"type":"Feature"},{"geometry":{"coordinates":[-3.738680555555556,40.39721111111111],"type":"Point"},"properties":{"portal_id":"11059202"},"type":"Feature"},{"geometry":{"coordinates":[-3.738752777777778,40.3973],"type":"Point"},"properties":{"portal_id":"11059204"},"type":"Feature"},{"geometry":{"coordinates":[-3.738741666666667,40.397391666666664],"type":"Point"},"properties":{"portal_id":"11059205"},"type":"Feature"},{"geometry":{"coordinates":[-3.738741666666667,40.39747222222222],"type":"Point"},"properties":{"portal_id":"11059206"},"type":"Feature"},{"geometry":{"coordinates":[-3.7387444444444444,40.39756111111111],"type":"Point"},"properties":{"portal_id":"11059207"},"type":"Feature"},{"geometry":{"coordinates":[-3.7387333333333332,40.397733333333335],"type":"Point"},"properties":{"portal_id":"11059209"},"type":"Feature"},{"geometry":{"coordinates":[-3.738897222222222,40.39756944444444],"type":"Point"},"properties":{"portal_id":"11059212"},"type":"Feature"},{"geometry":{"coordinates":[-3.738897222222222,40.39748888888889],"type":"Point"},"properties":{"portal_id":"11059213"},"type":"Feature"},{"geometry":{"coordinates":[-3.7389055555555557,40.397397222222224],"type":"Point"},"properties":{"portal_id":"11059214"},"type":"Feature"},{"geometry":{"coordinates":[-3.7389055555555557,40.397308333333335],"type":"Point"},"properties":{"portal_id":"11059215"},"type":"Feature"},{"geometry":{"coordinates":[-3.738916666666667,40.397219444444445],"type":"Point"},"properties":{"portal_id":"11059216"},"type":"Feature"},{"geometry":{"coordinates":[-3.737688888888889,40.397999999999996],"type":"Point"},"properties":{"portal_id":"11059217"},"type":"Feature"},{"geometry":{"coordinates":[-3.730988888888889,40.37566388888889],"type":"Point"},"properties":{"portal_id":"11078651"},"type":"Feature"},{"geometry":{"coordinates":[-3.664461111111111,40.38579722222222],"type":"Point"},"properties":{"portal_id":"11093964"},"type":"Feature"},{"geometry":{"coordinates":[-3.66445,40.38576944444444],"type":"Point"},"properties":{"portal_id":"11093965"},"type":"Feature"},{"geometry":{"coordinates":[-3.664388888888889,40.38313055555555],"type":"Point"},"properties":{"portal_id":"11094050"},"type":"Feature"},{"geometry":{"coordinates":[-3.6641416666666666,40.383266666666664],"type":"Point"},"properties":{"portal_id":"11094053"},"type":"Feature"},{"geometry":{"coordinates":[-3.664211111111111,40.38295],"type":"Point"},"properties":{"portal_id":"11094070"},"type":"Feature"},{"geometry":{"coordinates":[-3.6641416666666666,40.38303333333334],"type":"Point"},"properties":{"portal_id":"11094071"},"type":"Feature"},{"geometry":{"coordinates":[-3.664047222222222,40.383158333333334],"type":"Point"},"properties":{"portal_id":"11094072"},"type":"Feature"},{"geometry":{"coordinates":[-3.663952777777778,40.383266666666664],"type":"Point"},"properties":{"portal_id":"11094074"},"type":"Feature"},{"geometry":{"coordinates":[-3.6638027777777777,40.38344722222222],"type":"Point"},"properties":{"portal_id":"11094075"},"type":"Feature"},{"geometry":{"coordinates":[-3.6636555555555557,40.38297222222222],"type":"Point"},"properties":{"portal_id":"11094079"},"type":"Feature"},{"geometry":{"coordinates":[-3.6637138888888887,40.38288055555556],"type":"Point"},"properties":{"portal_id":"11094081"},"type":"Feature"},{"geometry":{"coordinates":[-3.6637833333333334,40.38279166666667],"type":"Point"},"properties":{"portal_id":"11094082"},"type":"Feature"},{"geometry":{"coordinates":[-3.6638777777777776,40.382672222222226],"type":"Point"},"properties":{"portal_id":"11094083"},"type":"Feature"},{"geometry":{"coordinates":[-3.6612416666666667,40.38768888888889],"type":"Point"},"properties":{"portal_id":"11094690"},"type":"Feature"},{"geometry":{"coordinates":[-3.6614666666666666,40.38777777777778],"type":"Point"},"properties":{"portal_id":"11094692"},"type":"Feature"},{"geometry":{"coordinates":[-3.661536111111111,40.38768611111111],"type":"Point"},"properties":{"portal_id":"11094693"},"type":"Feature"},{"geometry":{"coordinates":[-3.6616277777777775,40.387569444444445],"type":"Point"},"properties":{"portal_id":"11094694"},"type":"Feature"},{"geometry":{"coordinates":[-3.661697222222222,40.38746944444444],"type":"Point"},"properties":{"portal_id":"11094695"},"type":"Feature"},{"geometry":{"coordinates":[-3.6617555555555557,40.38740555555555],"type":"Point"},"properties":{"portal_id":"11094696"},"type":"Feature"},{"geometry":{"coordinates":[-3.6619083333333333,40.387208333333334],"type":"Point"},"properties":{"portal_id":"11094699"},"type":"Feature"},{"geometry":{"coordinates":[-3.662,40.38708888888889],"type":"Point"},"properties":{"portal_id":"11094701"},"type":"Feature"},{"geometry":{"coordinates":[-3.6620944444444445,40.38697222222222],"type":"Point"},"properties":{"portal_id":"11094703"},"type":"Feature"},{"geometry":{"coordinates":[-3.662186111111111,40.386852777777776],"type":"Point"},"properties":{"portal_id":"11094705"},"type":"Feature"},{"geometry":{"coordinates":[-3.6622916666666665,40.386719444444445],"type":"Point"},"properties":{"portal_id":"11094706"},"type":"Feature"},{"geometry":{"coordinates":[-3.662325,40.386672222222224],"type":"Point"},"properties":{"portal_id":"11094710"},"type":"Feature"},{"geometry":{"coordinates":[-3.6623972222222223,40.38657222222222],"type":"Point"},"properties":{"portal_id":"11094712"},"type":"Feature"},{"geometry":{"coordinates":[-3.6615194444444445,40.38731666666666],"type":"Point"},"properties":{"portal_id":"11094725"},"type":"Feature"},{"geometry":{"coordinates":[-3.6614722222222222,40.387388888888886],"type":"Point"},"properties":{"portal_id":"11094726"},"type":"Feature"},{"geometry":{"coordinates":[-3.6613805555555556,40.38749722222222],"type":"Point"},"properties":{"portal_id":"11094727"},"type":"Feature"},{"geometry":{"coordinates":[-3.661322222222222,40.38758055555555],"type":"Point"},"properties":{"portal_id":"11094728"},"type":"Feature"},{"geometry":{"coordinates":[-3.6616416666666667,40.38783055555555],"type":"Point"},"properties":{"portal_id":"11094921"},"type":"Feature"},{"geometry":{"coordinates":[-3.661711111111111,40.38773888888889],"type":"Point"},"properties":{"portal_id":"11094922"},"type":"Feature"},{"geometry":{"coordinates":[-3.6617944444444444,40.38762222222222],"type":"Point"},"properties":{"portal_id":"11094923"},"type":"Feature"},{"geometry":{"coordinates":[-3.661852777777778,40.387541666666664],"type":"Point"},"properties":{"portal_id":"11094924"},"type":"Feature"},{"geometry":{"coordinates":[-3.661897222222222,40.38748611111111],"type":"Point"},"properties":{"portal_id":"11094925"},"type":"Feature"},{"geometry":{"coordinates":[-3.6619333333333333,40.387433333333334],"type":"Point"},"properties":{"portal_id":"11094926"},"type":"Feature"},{"geometry":{"coordinates":[-3.6620027777777775,40.38735],"type":"Point"},"properties":{"portal_id":"11094927"},"type":"Feature"},{"geometry":{"coordinates":[-3.6620833333333334,40.38724166666667],"type":"Point"},"properties":{"portal_id":"11094928"},"type":"Feature"},{"geometry":{"coordinates":[-3.6621777777777775,40.387125],"type":"Point"},"properties":{"portal_id":"11094929"},"type":"Feature"},{"geometry":{"coordinates":[-3.6622944444444445,40.38698055555555],"type":"Point"},"properties":{"portal_id":"11094930"},"type":"Feature"},{"geometry":{"coordinates":[-3.662386111111111,40.386852777777776],"type":"Point"},"properties":{"portal_id":"11094931"},"type":"Feature"},{"geometry":{"coordinates":[-3.662561111111111,40.38663611111111],"type":"Point"},"properties":{"portal_id":"11094936"},"type":"Feature"},{"geometry":{"coordinates":[-3.662538888888889,40.386672222222224],"type":"Point"},"properties":{"portal_id":"11094937"},"type":"Feature"},{"geometry":{"coordinates":[-3.6626083333333335,40.38657222222222],"type":"Point"},"properties":{"portal_id":"11094938"},"type":"Feature"},{"geometry":{"coordinates":[-3.66295,40.38655277777778],"type":"Point"},"properties":{"portal_id":"11094939"},"type":"Feature"},{"geometry":{"coordinates":[-3.6619027777777777,40.38798055555556],"type":"Point"},"properties":{"portal_id":"11094942"},"type":"Feature"},{"geometry":{"coordinates":[-3.6328055555555556,40.40347777777777],"type":"Point"},"properties":{"portal_id":"11101313"},"type":"Feature"},{"geometry":{"coordinates":[-3.632922222222222,40.40333333333333],"type":"Point"},"properties":{"portal_id":"11101314"},"type":"Feature"},{"geometry":{"coordinates":[-3.634036111111111,40.40275833333333],"type":"Point"},"properties":{"portal_id":"11101315"},"type":"Feature"},{"geometry":{"coordinates":[-3.6339194444444445,40.402877777777775],"type":"Point"},"properties":{"portal_id":"11101316"},"type":"Feature"},{"geometry":{"coordinates":[-3.633652777777778,40.40331111111111],"type":"Point"},"properties":{"portal_id":"11101317"},"type":"Feature"},{"geometry":{"coordinates":[-3.6335361111111113,40.403483333333334],"type":"Point"},"properties":{"portal_id":"11101318"},"type":"Feature"},{"geometry":{"coordinates":[-3.701102777777778,40.348425],"type":"Point"},"properties":{"portal_id":"11125783"},"type":"Feature"},{"geometry":{"coordinates":[-3.7012083333333337,40.34834444444445],"type":"Point"},"properties":{"portal_id":"11125784"},"type":"Feature"},{"geometry":{"coordinates":[-3.607152777777778,40.401199999999996],"type":"Point"},"properties":{"portal_id":"11131796"},"type":"Feature"},{"geometry":{"coordinates":[-3.606977777777778,40.40118333333333],"type":"Point"},"properties":{"portal_id":"11131797"},"type":"Feature"},{"geometry":{"coordinates":[-3.6082194444444444,40.401944444444446],"type":"Point"},"properties":{"portal_id":"11132169"},"type":"Feature"},{"geometry":{"coordinates":[-3.6081444444444446,40.40271944444444],"type":"Point"},"properties":{"portal_id":"11132170"},"type":"Feature"},{"geometry":{"coordinates":[-3.608213888888889,40.40263611111111],"type":"Point"},"properties":{"portal_id":"11132171"},"type":"Feature"},{"geometry":{"coordinates":[-3.6083194444444446,40.40248333333333],"type":"Point"},"properties":{"portal_id":"11132172"},"type":"Feature"},{"geometry":{"coordinates":[-3.6084,40.40234722222222],"type":"Point"},"properties":{"portal_id":"11132173"},"type":"Feature"},{"geometry":{"coordinates":[-3.6083194444444446,40.40231111111111],"type":"Point"},"properties":{"portal_id":"11132174"},"type":"Feature"},{"geometry":{"coordinates":[-3.608163888888889,40.402233333333335],"type":"Point"},"properties":{"portal_id":"11132175"},"type":"Feature"},{"geometry":{"coordinates":[-3.607127777777778,40.40243611111111],"type":"Point"},"properties":{"portal_id":"11132207"},"type":"Feature"},{"geometry":{"coordinates":[-3.607591666666667,40.40265],"type":"Point"},"properties":{"portal_id":"11132208"},"type":"Feature"},{"geometry":{"coordinates":[-3.6079333333333334,40.40281944444444],"type":"Point"},"properties":{"portal_id":"11132210"},"type":"Feature"},{"geometry":{"coordinates":[-3.607825,40.402594444444446],"type":"Point"},"properties":{"portal_id":"11132214"},"type":"Feature"},{"geometry":{"coordinates":[-3.6078472222222224,40.40249444444444],"type":"Point"},"properties":{"portal_id":"11132215"},"type":"Feature"},{"geometry":{"coordinates":[-3.6078833333333336,40.40239444444444],"type":"Point"},"properties":{"portal_id":"11132216"},"type":"Feature"},{"geometry":{"coordinates":[-3.6079055555555555,40.40231388888889],"type":"Point"},"properties":{"portal_id":"11132217"},"type":"Feature"},{"geometry":{"coordinates":[-3.6081944444444445,40.40179166666667],"type":"Point"},"properties":{"portal_id":"11132218"},"type":"Feature"},{"geometry":{"coordinates":[-3.6078222222222225,40.40224166666667],"type":"Point"},"properties":{"portal_id":"11132219"},"type":"Feature"},{"geometry":{"coordinates":[-3.6080666666666668,40.40181944444444],"type":"Point"},"properties":{"portal_id":"11132222"},"type":"Feature"},{"geometry":{"coordinates":[-3.6070694444444444,40.40233611111111],"type":"Point"},"properties":{"portal_id":"11132223"},"type":"Feature"},{"geometry":{"coordinates":[-3.6071166666666667,40.40223888888889],"type":"Point"},"properties":{"portal_id":"11132224"},"type":"Feature"},{"geometry":{"coordinates":[-3.607197222222222,40.402030555555555],"type":"Point"},"properties":{"portal_id":"11132225"},"type":"Feature"},{"geometry":{"coordinates":[-3.607252777777778,40.40190277777778],"type":"Point"},"properties":{"portal_id":"11132226"},"type":"Feature"},{"geometry":{"coordinates":[-3.6073472222222223,40.401669444444444],"type":"Point"},"properties":{"portal_id":"11132228"},"type":"Feature"},{"geometry":{"coordinates":[-3.6074055555555558,40.401577777777774],"type":"Point"},"properties":{"portal_id":"11132229"},"type":"Feature"},{"geometry":{"coordinates":[-3.6074277777777777,40.40155],"type":"Point"},"properties":{"portal_id":"11132230"},"type":"Feature"},{"geometry":{"coordinates":[-3.6075444444444447,40.40145277777778],"type":"Point"},"properties":{"portal_id":"11132231"},"type":"Feature"},{"geometry":{"coordinates":[-3.6084416666666668,40.4017],"type":"Point"},"properties":{"portal_id":"11132232"},"type":"Feature"},{"geometry":{"coordinates":[-3.608016666666667,40.40153055555555],"type":"Point"},"properties":{"portal_id":"11132233"},"type":"Feature"},{"geometry":{"coordinates":[-3.607902777777778,40.402052777777776],"type":"Point"},"properties":{"portal_id":"11132251"},"type":"Feature"},{"geometry":{"coordinates":[-3.6078805555555555,40.40208888888889],"type":"Point"},"properties":{"portal_id":"11132252"},"type":"Feature"},{"geometry":{"coordinates":[-3.6078444444444444,40.40215277777778],"type":"Point"},"properties":{"portal_id":"11132253"},"type":"Feature"},{"geometry":{"coordinates":[-3.6286972222222222,40.42686111111111],"type":"Point"},"properties":{"portal_id":"11134684"},"type":"Feature"},{"geometry":{"coordinates":[-3.629191666666667,40.42659722222222],"type":"Point"},"properties":{"portal_id":"11134685"},"type":"Feature"},{"geometry":{"coordinates":[-3.6294416666666667,40.42694722222222],"type":"Point"},"properties":{"portal_id":"11134686"},"type":"Feature"},{"geometry":{"coordinates":[-3.6297055555555557,40.427305555555556],"type":"Point"},"properties":{"portal_id":"11134687"},"type":"Feature"},{"geometry":{"coordinates":[-3.629977777777778,40.427675],"type":"Point"},"properties":{"portal_id":"11134688"},"type":"Feature"},{"geometry":{"coordinates":[-3.708641666666667,40.417075],"type":"Point"},"properties":{"portal_id":"20007114"},"type":"Feature"},{"geometry":{"coordinates":[-3.708066666666667,40.41733055555555],"type":"Point"},"properties":{"portal_id":"20007122"},"type":"Feature"},{"geometry":{"coordinates":[-3.707563888888889,40.41791111111111],"type":"Point"},"properties":{"portal_id":"20007126"},"type":"Feature"},{"geometry":{"coordinates":[-3.7058222222222224,40.417966666666665],"type":"Point"},"properties":{"portal_id":"20007130"},"type":"Feature"},{"geometry":{"coordinates":[-3.705127777777778,40.41815833333333],"type":"Point"},"properties":{"portal_id":"20007134"},"type":"Feature"},{"geometry":{"coordinates":[-3.7071722222222223,40.417541666666665],"type":"Point"},"properties":{"portal_id":"20007140"},"type":"Feature"},{"geometry":{"coordinates":[-3.7064333333333335,40.47641111111111],"type":"Point"},"properties":{"portal_id":"20016036"},"type":"Feature"},{"geometry":{"coordinates":[-3.706727777777778,40.47635555555556],"type":"Point"},"properties":{"portal_id":"20016038"},"type":"Feature"},{"geometry":{"coordinates":[-3.7070111111111115,40.47629166666667],"type":"Point"},"properties":{"portal_id":"20016040"},"type":"Feature"},{"geometry":{"coordinates":[-3.706438888888889,40.476933333333335],"type":"Point"},"properties":{"portal_id":"20016046"},"type":"Feature"},{"geometry":{"coordinates":[-3.706475,40.47703333333334],"type":"Point"},"properties":{"portal_id":"20016048"},"type":"Feature"},{"geometry":{"coordinates":[-3.7065111111111113,40.477133333333335],"type":"Point"},"properties":{"portal_id":"20016050"},"type":"Feature"},{"geometry":{"coordinates":[-3.66415,40.38278888888889],"type":"Point"},"properties":{"portal_id":"20028568"},"type":"Feature"},{"geometry":{"coordinates":[-3.6640666666666664,40.382688888888886],"type":"Point"},"properties":{"portal_id":"20028570"},"type":"Feature"},{"geometry":{"coordinates":[-3.6624555555555554,40.38651111111111],"type":"Point"},"properties":{"portal_id":"20028716"},"type":"Feature"},{"geometry":{"coordinates":[-3.662897222222222,40.388327777777775],"type":"Point"},"properties":{"portal_id":"20028788"},"type":"Feature"},{"geometry":{"coordinates":[-3.704416666666667,40.34874722222222],"type":"Point"},"properties":{"portal_id":"20078350"},"type":"Feature"},{"geometry":{"coordinates":[-3.7052555555555555,40.34899444444444],"type":"Point"},"properties":{"portal_id":"20078374"},"type":"Feature"},{"geometry":{"coordinates":[-3.7053722222222225,40.34894166666667],"type":"Point"},"properties":{"portal_id":"20078377"},"type":"Feature"},{"geometry":{"coordinates":[-3.7055722222222225,40.349066666666666],"type":"Point"},"properties":{"portal_id":"20078380"},"type":"Feature"},{"geometry":{"coordinates":[-3.70535,40.349155555555555],"type":"Point"},"properties":{"portal_id":"20078383"},"type":"Feature"},{"geometry":{"coordinates":[-3.7050583333333336,40.34928611111111],"type":"Point"},"properties":{"portal_id":"20078386"},"type":"Feature"},{"geometry":{"coordinates":[-3.7049166666666666,40.349338888888894],"type":"Point"},"properties":{"portal_id":"20078389"},"type":"Feature"},{"geometry":{"coordinates":[-3.702352777777778,40.348444444444446],"type":"Point"},"properties":{"portal_id":"20089412"},"type":"Feature"},{"geometry":{"coordinates":[-3.7028000000000003,40.34851388888889],"type":"Point"},"properties":{"portal_id":"20089415"},"type":"Feature"},{"geometry":{"coordinates":[-3.7030833333333337,40.34855833333334],"type":"Point"},"properties":{"portal_id":"20089418"},"type":"Feature"},{"geometry":{"coordinates":[-3.634522222222222,40.40306388888889],"type":"Point"},"properties":{"portal_id":"20098152"},"type":"Feature"},{"geometry":{"coordinates":[-3.6931722222222225,40.415483333333334],"type":"Point"},"properties":{"portal_id":"20104761"},"type":"Feature"},{"geometry":{"coordinates":[-3.707477777777778,40.47706388888889],"type":"Point"},"properties":{"portal_id":"20105239"},"type":"Feature"},{"geometry":{"coordinates":[-3.707430555555556,40.47694722222222],"type":"Point"},"properties":{"portal_id":"20105245"},"type":"Feature"},{"geometry":{"coordinates":[-3.7073944444444447,40.476847222222226],"type":"Point"},"properties":{"portal_id":"20105248"},"type":"Feature"},{"geometry":{"coordinates":[-3.7073555555555555,40.47673888888889],"type":"Point"},"properties":{"portal_id":"20105251"},"type":"Feature"},{"geometry":{"coordinates":[-3.7072583333333333,40.476461111111114],"type":"Point"},"properties":{"portal_id":"20105254"},"type":"Feature"},{"geometry":{"coordinates":[-3.706316666666667,40.47660277777778],"type":"Point"},"properties":{"portal_id":"20105257"},"type":"Feature"},{"geometry":{"coordinates":[-3.706716666666667,40.47658055555556],"type":"Point"},"properties":{"portal_id":"20105260"},"type":"Feature"},{"geometry":{"coordinates":[-3.7067916666666667,40.47675277777778],"type":"Point"},"properties":{"portal_id":"20105263"},"type":"Feature"},{"geometry":{"coordinates":[-3.7047972222222225,40.34917777777778],"type":"Point"},"properties":{"portal_id":"20110663"},"type":"Feature"},{"geometry":{"coordinates":[-3.704927777777778,40.349133333333334],"type":"Point"},"properties":{"portal_id":"20110666"},"type":"Feature"},{"geometry":{"coordinates":[-3.694169444444445,40.336000000000006],"type":"Point"},"properties":{"portal_id":"20118776"},"type":"Feature"},{"geometry":{"coordinates":[-3.695852777777778,40.33596111111111],"type":"Point"},"properties":{"portal_id":"20118785"},"type":"Feature"},{"geometry":{"coordinates":[-3.697994444444445,40.33586666666667],"type":"Point"},"properties":{"portal_id":"20118794"},"type":"Feature"},{"geometry":{"coordinates":[-3.698055555555556,40.33586666666667],"type":"Point"},"properties":{"portal_id":"20118797"},"type":"Feature"},{"geometry":{"coordinates":[-3.6996638888888893,40.335525000000004],"type":"Point"},"properties":{"portal_id":"20124922"},"type":"Feature"},{"geometry":{"coordinates":[-3.699625,40.335147222222226],"type":"Point"},"properties":{"portal_id":"20124925"},"type":"Feature"},{"geometry":{"coordinates":[-3.6991694444444447,40.33566388888889],"type":"Point"},"properties":{"portal_id":"20124946"},"type":"Feature"},{"geometry":{"coordinates":[-3.699155555555556,40.335455555555555],"type":"Point"},"properties":{"portal_id":"20126670"},"type":"Feature"},{"geometry":{"coordinates":[-3.699155555555556,40.33524722222222],"type":"Point"},"properties":{"portal_id":"20126673"},"type":"Feature"},{"geometry":{"coordinates":[-3.699152777777778,40.335077777777784],"type":"Point"},"properties":{"portal_id":"20126676"},"type":"Feature"},{"geometry":{"coordinates":[-3.6996638888888893,40.33565],"type":"Point"},"properties":{"portal_id":"20127319"},"type":"Feature"},{"geometry":{"coordinates":[-3.699852777777778,40.33570277777778],"type":"Point"},"properties":{"portal_id":"20127322"},"type":"Feature"},{"geometry":{"coordinates":[-3.700266666666667,40.3357],"type":"Point"},"properties":{"portal_id":"20127325"},"type":"Feature"},{"geometry":{"coordinates":[-3.700466666666667,40.335636111111114],"type":"Point"},"properties":{"portal_id":"20127328"},"type":"Feature"},{"geometry":{"coordinates":[-3.700452777777778,40.33550277777778],"type":"Point"},"properties":{"portal_id":"20127331"},"type":"Feature"},{"geometry":{"coordinates":[-3.6996472222222225,40.33499444444445],"type":"Point"},"properties":{"portal_id":"20127343"},"type":"Feature"},{"geometry":{"coordinates":[-3.699894444444445,40.33499166666667],"type":"Point"},"properties":{"portal_id":"20127346"},"type":"Feature"},{"geometry":{"coordinates":[-3.7001055555555555,40.33498055555556],"type":"Point"},"properties":{"portal_id":"20127349"},"type":"Feature"},{"geometry":{"coordinates":[-3.7002833333333336,40.33498055555556],"type":"Point"},"properties":{"portal_id":"20127352"},"type":"Feature"},{"geometry":{"coordinates":[-3.7004361111111113,40.33498055555556],"type":"Point"},"properties":{"portal_id":"20127355"},"type":"Feature"},{"geometry":{"coordinates":[-3.7004722222222224,40.33514166666667],"type":"Point"},"properties":{"portal_id":"20127358"},"type":"Feature"},{"geometry":{"coordinates":[-3.700641666666667,40.33562777777778],"type":"Point"},"properties":{"portal_id":"20127361"},"type":"Feature"},{"geometry":{"coordinates":[-3.662986111111111,40.386786111111114],"type":"Point"},"properties":{"portal_id":"20132668"},"type":"Feature"},{"geometry":{"coordinates":[-3.7053722222222225,40.41788611111111],"type":"Point"},"properties":{"portal_id":"20139704"},"type":"Feature"},{"geometry":{"coordinates":[-3.7044638888888892,40.348819444444445],"type":"Point"},"properties":{"portal_id":"20142531"},"type":"Feature"},{"geometry":{"coordinates":[-3.7045000000000003,40.34886388888889],"type":"Point"},"properties":{"portal_id":"20142534"},"type":"Feature"},{"geometry":{"coordinates":[-3.704616666666667,40.34885555555556],"type":"Point"},"properties":{"portal_id":"20142537"},"type":"Feature"},{"geometry":{"coordinates":[-3.699591666666667,40.33437222222222],"type":"Point"},"properties":{"portal_id":"20144271"},"type":"Feature"},{"geometry":{"coordinates":[-3.6996888888888892,40.33446111111111],"type":"Point"},"properties":{"portal_id":"20144274"},"type":"Feature"},{"geometry":{"coordinates":[-3.6998305555555557,40.33446111111111],"type":"Point"},"properties":{"portal_id":"20144277"},"type":"Feature"},{"geometry":{"coordinates":[-3.6999833333333334,40.33445833333334],"type":"Point"},"properties":{"portal_id":"20144280"},"type":"Feature"},{"geometry":{"coordinates":[-3.7001944444444446,40.33445833333334],"type":"Point"},"properties":{"portal_id":"20144283"},"type":"Feature"},{"geometry":{"coordinates":[-3.7003944444444445,40.33445833333334],"type":"Point"},"properties":{"portal_id":"20144286"},"type":"Feature"},{"geometry":{"coordinates":[-3.70045,40.33422222222222],"type":"Point"},"properties":{"portal_id":"20144289"},"type":"Feature"},{"geometry":{"coordinates":[-3.6905305555555556,40.41435555555555],"type":"Point"},"properties":{"portal_id":"20149358"},"type":"Feature"},{"geometry":{"coordinates":[-3.736002777777778,40.39805555555556],"type":"Point"},"properties":{"portal_id":"20151368"},"type":"Feature"},{"geometry":{"coordinates":[-3.662263888888889,40.386338888888886],"type":"Point"},"properties":{"portal_id":"20153668"},"type":"Feature"},{"geometry":{"coordinates":[-3.662183333333333,40.386449999999996],"type":"Point"},"properties":{"portal_id":"20153670"},"type":"Feature"},{"geometry":{"coordinates":[-3.662125,40.38653055555555],"type":"Point"},"properties":{"portal_id":"20153672"},"type":"Feature"},{"geometry":{"coordinates":[-3.662044444444444,40.38663888888889],"type":"Point"},"properties":{"portal_id":"20153674"},"type":"Feature"},{"geometry":{"coordinates":[-3.661986111111111,40.38671111111111],"type":"Point"},"properties":{"portal_id":"20153676"},"type":"Feature"},{"geometry":{"coordinates":[-3.661938888888889,40.386775],"type":"Point"},"properties":{"portal_id":"20153678"},"type":"Feature"},{"geometry":{"coordinates":[-3.6618583333333334,40.38688333333333],"type":"Point"},"properties":{"portal_id":"20153680"},"type":"Feature"},{"geometry":{"coordinates":[-3.6617166666666665,40.387055555555555],"type":"Point"},"properties":{"portal_id":"20153682"},"type":"Feature"},{"geometry":{"coordinates":[-3.661636111111111,40.38717222222222],"type":"Point"},"properties":{"portal_id":"20153684"},"type":"Feature"},{"geometry":{"coordinates":[-3.6624416666666666,40.386338888888886],"type":"Point"},"properties":{"portal_id":"20155615"},"type":"Feature"},{"geometry":{"coordinates":[-3.737111111111111,40.39805833333333],"type":"Point"},"properties":{"portal_id":"20156434"},"type":"Feature"},{"geometry":{"coordinates":[-3.738125,40.398088888888886],"type":"Point"},"properties":{"portal_id":"20156437"},"type":"Feature"},{"geometry":{"coordinates":[-3.6079611111111114,40.40197222222222],"type":"Point"},"properties":{"portal_id":"20159551"},"type":"Feature"},{"geometry":{"coordinates":[-3.6080083333333333,40.4019],"type":"Point"},"properties":{"portal_id":"20159554"},"type":"Feature"},{"geometry":{"coordinates":[-3.607938888888889,40.402008333333335],"type":"Point"},"properties":{"portal_id":"20159654"},"type":"Feature"},{"geometry":{"coordinates":[-3.695805555555556,40.334700000000005],"type":"Point"},"properties":{"portal_id":"20161975"},"type":"Feature"},{"geometry":{"coordinates":[-3.7387333333333332,40.39763333333333],"type":"Point"},"properties":{"portal_id":"20165494"},"type":"Feature"},{"geometry":{"coordinates":[-3.738897222222222,40.397641666666665],"type":"Point"},"properties":{"portal_id":"20165496"},"type":"Feature"},{"geometry":{"coordinates":[-3.7308250000000003,40.37475555555556],"type":"Point"},"properties":{"portal_id":"20169026"},"type":"Feature"},{"geometry":{"coordinates":[-3.7307222222222225,40.37483888888889],"type":"Point"},"properties":{"portal_id":"20169029"},"type":"Feature"},{"geometry":{"coordinates":[-3.730627777777778,40.374919444444444],"type":"Point"},"properties":{"portal_id":"20169032"},"type":"Feature"},{"geometry":{"coordinates":[-3.7303333333333333,40.37489444444444],"type":"Point"},"properties":{"portal_id":"20169035"},"type":"Feature"},{"geometry":{"coordinates":[-3.730602777777778,40.37470277777778],"type":"Point"},"properties":{"portal_id":"20169038"},"type":"Feature"},{"geometry":{"coordinates":[-3.662836111111111,40.38698611111111],"type":"Point"},"properties":{"portal_id":"20176275"},"type":"Feature"},{"geometry":{"coordinates":[-3.662697222222222,40.38719444444445],"type":"Point"},"properties":{"portal_id":"20176277"},"type":"Feature"},{"geometry":{"coordinates":[-3.705113888888889,40.41806944444444],"type":"Point"},"properties":{"portal_id":"20180240"},"type":"Feature"},{"geometry":{"coordinates":[-3.7313972222222223,40.37425555555556],"type":"Point"},"properties":{"portal_id":"20182989"},"type":"Feature"},{"geometry":{"coordinates":[-3.7312555555555558,40.37415],"type":"Point"},"properties":{"portal_id":"20182992"},"type":"Feature"},{"geometry":{"coordinates":[-3.731247222222222,40.37441111111111],"type":"Point"},"properties":{"portal_id":"20183001"},"type":"Feature"},{"geometry":{"coordinates":[-3.5881111111111115,40.443372222222216],"type":"Point"},"properties":{"portal_id":"20184284"},"type":"Feature"},{"geometry":{"coordinates":[-3.587911111111111,40.44348055555555],"type":"Point"},"properties":{"portal_id":"20184287"},"type":"Feature"},{"geometry":{"coordinates":[-3.5878444444444444,40.44376944444444],"type":"Point"},"properties":{"portal_id":"20184290"},"type":"Feature"},{"geometry":{"coordinates":[-3.5879861111111113,40.44380555555555],"type":"Point"},"properties":{"portal_id":"20184293"},"type":"Feature"},{"geometry":{"coordinates":[-3.5881861111111113,40.44385833333333],"type":"Point"},"properties":{"portal_id":"20184296"},"type":"Feature"},{"geometry":{"coordinates":[-3.588363888888889,40.44391944444444],"type":"Point"},"properties":{"portal_id":"20184299"},"type":"Feature"},{"geometry":{"coordinates":[-3.5888833333333334,40.44392777777777],"type":"Point"},"properties":{"portal_id":"31000880"},"type":"Feature"},{"geometry":{"coordinates":[-3.5897583333333336,40.44430833333333],"type":"Point"},"properties":{"portal_id":"31000882"},"type":"Feature"},{"geometry":{"coordinates":[-3.7300444444444447,40.37444444444444],"type":"Point"},"properties":{"portal_id":"31000974"},"type":"Feature"},{"geometry":{"coordinates":[-3.729836111111111,40.374627777777775],"type":"Point"},"properties":{"portal_id":"31000975"},"type":"Feature"},{"geometry":{"coordinates":[-3.730497222222222,40.37383055555556],"type":"Point"},"properties":{"portal_id":"31001786"},"type":"Feature"},{"geometry":{"coordinates":[-3.7303805555555556,40.373975],"type":"Point"},"properties":{"portal_id":"31001787"},"type":"Feature"},{"geometry":{"coordinates":[-3.7305111111111113,40.37406388888889],"type":"Point"},"properties":{"portal_id":"31001788"},"type":"Feature"},{"geometry":{"coordinates":[-3.7307111111111113,40.373955555555554],"type":"Point"},"properties":{"portal_id":"31001789"},"type":"Feature"},{"geometry":{"coordinates":[-3.730838888888889,40.37383611111111],"type":"Point"},"properties":{"portal_id":"31001790"},"type":"Feature"},{"geometry":{"coordinates":[-3.7309805555555555,40.37372777777778],"type":"Point"},"properties":{"portal_id":"31001791"},"type":"Feature"},{"geometry":{"coordinates":[-3.589977777777778,40.443838888888884],"type":"Point"},"properties":{"portal_id":"31002601"},"type":"Feature"},{"geometry":{"coordinates":[-3.693805555555556,40.51157777777778],"type":"Point"},"properties":{"portal_id":"31004462"},"type":"Feature"},{"geometry":{"coordinates":[-3.6899305555555557,40.513475],"type":"Point"},"properties":{"portal_id":"31004464"},"type":"Feature"},{"geometry":{"coordinates":[-3.6897638888888893,40.513394444444444],"type":"Point"},"properties":{"portal_id":"31004465"},"type":"Feature"},{"geometry":{"coordinates":[-3.6860833333333334,40.512436111111114],"type":"Point"},"properties":{"portal_id":"31004468"},"type":"Feature"},{"geometry":{"coordinates":[-3.6860472222222223,40.512255555555555],"type":"Point"},"properties":{"portal_id":"31004469"},"type":"Feature"},{"geometry":{"coordinates":[-3.6874361111111114,40.51206666666667],"type":"Point"},"properties":{"portal_id":"31004472"},"type":"Feature"},{"geometry":{"coordinates":[-3.688441666666667,40.51215],"type":"Point"},"properties":{"portal_id":"31004474"},"type":"Feature"},{"geometry":{"coordinates":[-3.6932750000000003,40.51145555555556],"type":"Point"},"properties":{"portal_id":"31004512"},"type":"Feature"},{"geometry":{"coordinates":[-3.692877777777778,40.51190833333333],"type":"Point"},"properties":{"portal_id":"31004514"},"type":"Feature"},{"geometry":{"coordinates":[-3.692305555555556,40.51246111111111],"type":"Point"},"properties":{"portal_id":"31004517"},"type":"Feature"},{"geometry":{"coordinates":[-3.691038888888889,40.51336944444444],"type":"Point"},"properties":{"portal_id":"31004522"},"type":"Feature"},{"geometry":{"coordinates":[-3.6885611111111114,40.51233888888889],"type":"Point"},"properties":{"portal_id":"31004529"},"type":"Feature"},{"geometry":{"coordinates":[-3.68875,40.51235555555556],"type":"Point"},"properties":{"portal_id":"31004530"},"type":"Feature"},{"geometry":{"coordinates":[-3.688975,40.51238333333333],"type":"Point"},"properties":{"portal_id":"31004531"},"type":"Feature"},{"geometry":{"coordinates":[-3.5892444444444447,40.443475],"type":"Point"},"properties":{"portal_id":"31005980"},"type":"Feature"},{"geometry":{"coordinates":[-3.589152777777778,40.44364722222222],"type":"Point"},"properties":{"portal_id":"31005982"},"type":"Feature"},{"geometry":{"coordinates":[-3.662661111111111,40.38831944444444],"type":"Point"},"properties":{"portal_id":"31006021"},"type":"Feature"},{"geometry":{"coordinates":[-3.662375,40.38808611111111],"type":"Point"},"properties":{"portal_id":"31006022"},"type":"Feature"},{"geometry":{"coordinates":[-3.7310944444444445,40.374547222222226],"type":"Point"},"properties":{"portal_id":"31006056"},"type":"Feature"},{"geometry":{"coordinates":[-3.730927777777778,40.37442222222222],"type":"Point"},"properties":{"portal_id":"31006057"},"type":"Feature"},{"geometry":{"coordinates":[-3.6522027777777777,40.49751388888889],"type":"Point"},"properties":{"portal_id":"31006276"},"type":"Feature"},{"geometry":{"coordinates":[-3.6523194444444442,40.49731666666667],"type":"Point"},"properties":{"portal_id":"31006277"},"type":"Feature"},{"geometry":{"coordinates":[-3.6524722222222223,40.49711666666667],"type":"Point"},"properties":{"portal_id":"31006278"},"type":"Feature"},{"geometry":{"coordinates":[-3.6525777777777777,40.496972222222226],"type":"Point"},"properties":{"portal_id":"31006279"},"type":"Feature"},{"geometry":{"coordinates":[-3.652411111111111,40.496900000000004],"type":"Point"},"properties":{"portal_id":"31006280"},"type":"Feature"},{"geometry":{"coordinates":[-3.6522916666666667,40.49679444444445],"type":"Point"},"properties":{"portal_id":"31006281"},"type":"Feature"},{"geometry":{"coordinates":[-3.6521749999999997,40.49690277777778],"type":"Point"},"properties":{"portal_id":"31006282"},"type":"Feature"},{"geometry":{"coordinates":[-3.652047222222222,40.497075],"type":"Point"},"properties":{"portal_id":"31006283"},"type":"Feature"},{"geometry":{"coordinates":[-3.6519305555555555,40.497255555555554],"type":"Point"},"properties":{"portal_id":"31006284"},"type":"Feature"},{"geometry":{"coordinates":[-3.651813888888889,40.497436111111114],"type":"Point"},"properties":{"portal_id":"31006285"},"type":"Feature"},{"geometry":{"coordinates":[-3.651663888888889,40.497769444444444],"type":"Point"},"properties":{"portal_id":"31006286"},"type":"Feature"},{"geometry":{"coordinates":[-3.6515833333333334,40.49795833333334],"type":"Point"},"properties":{"portal_id":"31006287"},"type":"Feature"},{"geometry":{"coordinates":[-3.651525,40.498158333333336],"type":"Point"},"properties":{"portal_id":"31006288"},"type":"Feature"},{"geometry":{"coordinates":[-3.6514805555555556,40.49834722222222],"type":"Point"},"properties":{"portal_id":"31006289"},"type":"Feature"},{"geometry":{"coordinates":[-3.6514583333333333,40.49848333333333],"type":"Point"},"properties":{"portal_id":"31006290"},"type":"Feature"},{"geometry":{"coordinates":[-3.6516583333333332,40.49846388888889],"type":"Point"},"properties":{"portal_id":"31006291"},"type":"Feature"},{"geometry":{"coordinates":[-3.651836111111111,40.49848888888889],"type":"Point"},"properties":{"portal_id":"31006292"},"type":"Feature"},{"geometry":{"coordinates":[-3.6518805555555556,40.498336111111115],"type":"Point"},"properties":{"portal_id":"31006293"},"type":"Feature"},{"geometry":{"coordinates":[-3.6519388888888886,40.498111111111115],"type":"Point"},"properties":{"portal_id":"31006294"},"type":"Feature"},{"geometry":{"coordinates":[-3.6520194444444445,40.49790277777778],"type":"Point"},"properties":{"portal_id":"31006295"},"type":"Feature"},{"geometry":{"coordinates":[-3.7388861111111114,40.397730555555555],"type":"Point"},"properties":{"portal_id":"31006425"},"type":"Feature"},{"geometry":{"coordinates":[-3.738752777777778,40.39721111111111],"type":"Point"},"properties":{"portal_id":"31006426"},"type":"Feature"},{"geometry":{"coordinates":[-3.737191666666667,40.39792222222222],"type":"Point"},"properties":{"portal_id":"31006745"},"type":"Feature"},{"geometry":{"coordinates":[-3.653252777777778,40.49740833333333],"type":"Point"},"properties":{"portal_id":"31006887"},"type":"Feature"},{"geometry":{"coordinates":[-3.6530638888888887,40.49731111111111],"type":"Point"},"properties":{"portal_id":"31006888"},"type":"Feature"},{"geometry":{"coordinates":[-3.737475,40.39803888888889],"type":"Point"},"properties":{"portal_id":"31007035"},"type":"Feature"},{"geometry":{"coordinates":[-3.737191666666667,40.397958333333335],"type":"Point"},"properties":{"portal_id":"31007038"},"type":"Feature"},{"geometry":{"coordinates":[-3.737191666666667,40.39798611111111],"type":"Point"},"properties":{"portal_id":"31007039"},"type":"Feature"},{"geometry":{"coordinates":[-3.7371944444444445,40.39803055555556],"type":"Point"},"properties":{"portal_id":"31007040"},"type":"Feature"},{"geometry":{"coordinates":[-3.7371833333333333,40.398066666666665],"type":"Point"},"properties":{"portal_id":"31007041"},"type":"Feature"},{"geometry":{"coordinates":[-3.7371833333333333,40.39810277777778],"type":"Point"},"properties":{"portal_id":"31007042"},"type":"Feature"},{"geometry":{"coordinates":[-3.7371833333333333,40.39813888888889],"type":"Point"},"properties":{"portal_id":"31007043"},"type":"Feature"},{"geometry":{"coordinates":[-3.7371833333333333,40.398175],"type":"Point"},"properties":{"portal_id":"31007044"},"type":"Feature"},{"geometry":{"coordinates":[-3.737477777777778,40.398183333333336],"type":"Point"},"properties":{"portal_id":"31007045"},"type":"Feature"},{"geometry":{"coordinates":[-3.737477777777778,40.39814722222222],"type":"Point"},"properties":{"portal_id":"31007046"},"type":"Feature"},{"geometry":{"coordinates":[-3.737477777777778,40.39811944444445],"type":"Point"},"properties":{"portal_id":"31007047"},"type":"Feature"},{"geometry":{"coordinates":[-3.737477777777778,40.39808333333333],"type":"Point"},"properties":{"portal_id":"31007048"},"type":"Feature"},{"geometry":{"coordinates":[-3.737488888888889,40.398002777777776],"type":"Point"},"properties":{"portal_id":"31007049"},"type":"Feature"},{"geometry":{"coordinates":[-3.737486111111111,40.39796666666667],"type":"Point"},"properties":{"portal_id":"31007050"},"type":"Feature"},{"geometry":{"coordinates":[-3.737486111111111,40.39792222222222],"type":"Point"},"properties":{"portal_id":"31007051"},"type":"Feature"},{"geometry":{"coordinates":[-3.6528722222222223,40.49832222222222],"type":"Point"},"properties":{"portal_id":"31007706"},"type":"Feature"},{"geometry":{"coordinates":[-3.652886111111111,40.49853888888889],"type":"Point"},"properties":{"portal_id":"31007707"},"type":"Feature"},{"geometry":{"coordinates":[-3.6525555555555553,40.49852222222222],"type":"Point"},"properties":{"portal_id":"31007708"},"type":"Feature"},{"geometry":{"coordinates":[-3.6525666666666665,40.49825],"type":"Point"},"properties":{"portal_id":"31007709"},"type":"Feature"},{"geometry":{"coordinates":[-3.6529833333333332,40.49743888888889],"type":"Point"},"properties":{"portal_id":"31008444"},"type":"Feature"},{"geometry":{"coordinates":[-3.6528666666666667,40.49761111111111],"type":"Point"},"properties":{"portal_id":"31008445"},"type":"Feature"},{"geometry":{"coordinates":[-3.6527833333333333,40.49774444444444],"type":"Point"},"properties":{"portal_id":"31008446"},"type":"Feature"},{"geometry":{"coordinates":[-3.6526916666666667,40.49788888888889],"type":"Point"},"properties":{"portal_id":"31008447"},"type":"Feature"},{"geometry":{"coordinates":[-3.6528916666666666,40.497952777777776],"type":"Point"},"properties":{"portal_id":"31008448"},"type":"Feature"},{"geometry":{"coordinates":[-3.6531166666666666,40.49797777777778],"type":"Point"},"properties":{"portal_id":"31008449"},"type":"Feature"},{"geometry":{"coordinates":[-3.653175,40.497825],"type":"Point"},"properties":{"portal_id":"31008450"},"type":"Feature"},{"geometry":{"coordinates":[-3.6532805555555554,40.49766944444445],"type":"Point"},"properties":{"portal_id":"31008451"},"type":"Feature"},{"geometry":{"coordinates":[-3.706752777777778,40.41786111111111],"type":"Point"},"properties":{"portal_id":"31008919"},"type":"Feature"},{"geometry":{"coordinates":[-3.7041166666666667,40.41838055555555],"type":"Point"},"properties":{"portal_id":"31008920"},"type":"Feature"},{"geometry":{"coordinates":[-3.6896361111111116,40.51226944444444],"type":"Point"},"properties":{"portal_id":"31009536"},"type":"Feature"},{"geometry":{"coordinates":[-3.6898250000000004,40.512277777777776],"type":"Point"},"properties":{"portal_id":"31009537"},"type":"Feature"},{"geometry":{"coordinates":[-3.689988888888889,40.51229444444444],"type":"Point"},"properties":{"portal_id":"31009538"},"type":"Feature"},{"geometry":{"coordinates":[-3.6886055555555557,40.512166666666666],"type":"Point"},"properties":{"portal_id":"31009893"},"type":"Feature"},{"geometry":{"coordinates":[-3.6887833333333337,40.51218611111111],"type":"Point"},"properties":{"portal_id":"31009894"},"type":"Feature"},{"geometry":{"coordinates":[-3.607791666666667,40.40144166666666],"type":"Point"},"properties":{"portal_id":"31010231"},"type":"Feature"},{"geometry":{"coordinates":[-3.6081222222222222,40.40156666666667],"type":"Point"},"properties":{"portal_id":"31010243"},"type":"Feature"},{"geometry":{"coordinates":[-3.6077805555555558,40.40266666666667],"type":"Point"},"properties":{"portal_id":"31012062"},"type":"Feature"},{"geometry":{"coordinates":[-3.6072583333333332,40.40248888888889],"type":"Point"},"properties":{"portal_id":"31012065"},"type":"Feature"},{"geometry":{"coordinates":[-3.607388888888889,40.40255277777778],"type":"Point"},"properties":{"portal_id":"31012066"},"type":"Feature"},{"geometry":{"coordinates":[-3.6860611111111115,40.51248888888889],"type":"Point"},"properties":{"portal_id":"31012265"},"type":"Feature"},{"geometry":{"coordinates":[-3.6859555555555557,40.512705555555556],"type":"Point"},"properties":{"portal_id":"31012266"},"type":"Feature"},{"geometry":{"coordinates":[-3.6859444444444445,40.51276111111111],"type":"Point"},"properties":{"portal_id":"31012267"},"type":"Feature"},{"geometry":{"coordinates":[-3.685888888888889,40.51297777777778],"type":"Point"},"properties":{"portal_id":"31012268"},"type":"Feature"},{"geometry":{"coordinates":[-3.685888888888889,40.513038888888886],"type":"Point"},"properties":{"portal_id":"31012269"},"type":"Feature"},{"geometry":{"coordinates":[-3.685913888888889,40.513263888888886],"type":"Point"},"properties":{"portal_id":"31012270"},"type":"Feature"},{"geometry":{"coordinates":[-3.6859388888888893,40.51331944444444],"type":"Point"},"properties":{"portal_id":"31012271"},"type":"Feature"},{"geometry":{"coordinates":[-3.6861055555555557,40.513552777777775],"type":"Point"},"properties":{"portal_id":"31012272"},"type":"Feature"},{"geometry":{"coordinates":[-3.686166666666667,40.513597222222224],"type":"Point"},"properties":{"portal_id":"31012273"},"type":"Feature"},{"geometry":{"coordinates":[-3.686463888888889,40.513730555555554],"type":"Point"},"properties":{"portal_id":"31012274"},"type":"Feature"},{"geometry":{"coordinates":[-3.6865333333333337,40.51374722222222],"type":"Point"},"properties":{"portal_id":"31012275"},"type":"Feature"},{"geometry":{"coordinates":[-3.686852777777778,40.51382777777778],"type":"Point"},"properties":{"portal_id":"31012276"},"type":"Feature"},{"geometry":{"coordinates":[-3.6869250000000005,40.513844444444445],"type":"Point"},"properties":{"portal_id":"31012277"},"type":"Feature"},{"geometry":{"coordinates":[-3.6860000000000004,40.51230833333333],"type":"Point"},"properties":{"portal_id":"31012278"},"type":"Feature"},{"geometry":{"coordinates":[-3.6858944444444446,40.512480555555555],"type":"Point"},"properties":{"portal_id":"31012279"},"type":"Feature"},{"geometry":{"coordinates":[-3.6858722222222227,40.512544444444444],"type":"Point"},"properties":{"portal_id":"31012280"},"type":"Feature"},{"geometry":{"coordinates":[-3.685802777777778,40.51273333333334],"type":"Point"},"properties":{"portal_id":"31012281"},"type":"Feature"},{"geometry":{"coordinates":[-3.6857805555555556,40.51278888888889],"type":"Point"},"properties":{"portal_id":"31012282"},"type":"Feature"},{"geometry":{"coordinates":[-3.6857472222222225,40.51298611111111],"type":"Point"},"properties":{"portal_id":"31012283"},"type":"Feature"},{"geometry":{"coordinates":[-3.6857361111111113,40.51305],"type":"Point"},"properties":{"portal_id":"31012284"},"type":"Feature"},{"geometry":{"coordinates":[-3.6857611111111113,40.513238888888885],"type":"Point"},"properties":{"portal_id":"31012285"},"type":"Feature"},{"geometry":{"coordinates":[-3.685775,40.51330277777778],"type":"Point"},"properties":{"portal_id":"31012286"},"type":"Feature"},{"geometry":{"coordinates":[-3.6858694444444446,40.5135],"type":"Point"},"properties":{"portal_id":"31012287"},"type":"Feature"},{"geometry":{"coordinates":[-3.685916666666667,40.513552777777775],"type":"Point"},"properties":{"portal_id":"31012288"},"type":"Feature"},{"geometry":{"coordinates":[-3.6861333333333337,40.51372222222222],"type":"Point"},"properties":{"portal_id":"31012289"},"type":"Feature"},{"geometry":{"coordinates":[-3.6861916666666668,40.51375],"type":"Point"},"properties":{"portal_id":"31012290"},"type":"Feature"},{"geometry":{"coordinates":[-3.6865222222222225,40.51386388888889],"type":"Point"},"properties":{"portal_id":"31012291"},"type":"Feature"},{"geometry":{"coordinates":[-3.6865944444444447,40.513891666666666],"type":"Point"},"properties":{"portal_id":"31012292"},"type":"Feature"},{"geometry":{"coordinates":[-3.686936111111111,40.51396111111111],"type":"Point"},"properties":{"portal_id":"31012293"},"type":"Feature"},{"geometry":{"coordinates":[-3.6870194444444446,40.51396944444444],"type":"Point"},"properties":{"portal_id":"31012294"},"type":"Feature"},{"geometry":{"coordinates":[-3.6622305555555554,40.387791666666665],"type":"Point"},"properties":{"portal_id":"31012652"},"type":"Feature"},{"geometry":{"coordinates":[-3.6623694444444443,40.387475],"type":"Point"},"properties":{"portal_id":"31012654"},"type":"Feature"},{"geometry":{"coordinates":[-3.6622416666666666,40.38766388888889],"type":"Point"},"properties":{"portal_id":"31012655"},"type":"Feature"},{"geometry":{"coordinates":[-3.5893027777777777,40.444691666666664],"type":"Point"},"properties":{"portal_id":"31012665"},"type":"Feature"},{"geometry":{"coordinates":[-3.5890416666666667,40.44461111111111],"type":"Point"},"properties":{"portal_id":"31012666"},"type":"Feature"},{"geometry":{"coordinates":[-3.5887583333333333,40.44453055555555],"type":"Point"},"properties":{"portal_id":"31012667"},"type":"Feature"},{"geometry":{"coordinates":[-3.7359916666666666,40.398091666666666],"type":"Point"},"properties":{"portal_id":"31012906"},"type":"Feature"},{"geometry":{"coordinates":[-3.6898250000000004,40.51350277777778],"type":"Point"},"properties":{"portal_id":"31013430"},"type":"Feature"},{"geometry":{"coordinates":[-3.689613888888889,40.51355],"type":"Point"},"properties":{"portal_id":"31013431"},"type":"Feature"},{"geometry":{"coordinates":[-3.6894722222222223,40.51358611111111],"type":"Point"},"properties":{"portal_id":"31013432"},"type":"Feature"},{"geometry":{"coordinates":[-3.6892833333333335,40.51363333333333],"type":"Point"},"properties":{"portal_id":"31013433"},"type":"Feature"},{"geometry":{"coordinates":[-3.689141666666667,40.513669444444446],"type":"Point"},"properties":{"portal_id":"31013434"},"type":"Feature"},{"geometry":{"coordinates":[-3.688930555555556,40.51371666666667],"type":"Point"},"properties":{"portal_id":"31013435"},"type":"Feature"},{"geometry":{"coordinates":[-3.6888111111111113,40.513752777777775],"type":"Point"},"properties":{"portal_id":"31013436"},"type":"Feature"},{"geometry":{"coordinates":[-3.6886111111111113,40.51379722222222],"type":"Point"},"properties":{"portal_id":"31013437"},"type":"Feature"},{"geometry":{"coordinates":[-3.688469444444445,40.51383611111111],"type":"Point"},"properties":{"portal_id":"31013438"},"type":"Feature"},{"geometry":{"coordinates":[-3.688269444444445,40.51388055555555],"type":"Point"},"properties":{"portal_id":"31013439"},"type":"Feature"},{"geometry":{"coordinates":[-3.688127777777778,40.51390833333333],"type":"Point"},"properties":{"portal_id":"31013440"},"type":"Feature"},{"geometry":{"coordinates":[-3.687927777777778,40.51394722222222],"type":"Point"},"properties":{"portal_id":"31013441"},"type":"Feature"},{"geometry":{"coordinates":[-3.687763888888889,40.513975],"type":"Point"},"properties":{"portal_id":"31013442"},"type":"Feature"},{"geometry":{"coordinates":[-3.6875750000000003,40.51398611111111],"type":"Point"},"properties":{"portal_id":"31013443"},"type":"Feature"},{"geometry":{"coordinates":[-3.6873972222222227,40.51398611111111],"type":"Point"},"properties":{"portal_id":"31013444"},"type":"Feature"},{"geometry":{"coordinates":[-3.6896361111111116,40.51343333333333],"type":"Point"},"properties":{"portal_id":"31013445"},"type":"Feature"},{"geometry":{"coordinates":[-3.6894472222222223,40.51347777777778],"type":"Point"},"properties":{"portal_id":"31013446"},"type":"Feature"},{"geometry":{"coordinates":[-3.689280555555556,40.51351666666667],"type":"Point"},"properties":{"portal_id":"31013447"},"type":"Feature"},{"geometry":{"coordinates":[-3.689105555555556,40.51356111111111],"type":"Point"},"properties":{"portal_id":"31013448"},"type":"Feature"},{"geometry":{"coordinates":[-3.688938888888889,40.513597222222224],"type":"Point"},"properties":{"portal_id":"31013449"},"type":"Feature"},{"geometry":{"coordinates":[-3.688775,40.513644444444445],"type":"Point"},"properties":{"portal_id":"31013450"},"type":"Feature"},{"geometry":{"coordinates":[-3.6886111111111113,40.51368055555555],"type":"Point"},"properties":{"portal_id":"31013451"},"type":"Feature"},{"geometry":{"coordinates":[-3.6884333333333337,40.51372777777778],"type":"Point"},"properties":{"portal_id":"31013452"},"type":"Feature"},{"geometry":{"coordinates":[-3.688269444444445,40.51376388888889],"type":"Point"},"properties":{"portal_id":"31013453"},"type":"Feature"},{"geometry":{"coordinates":[-3.6880916666666668,40.51381111111111],"type":"Point"},"properties":{"portal_id":"31013454"},"type":"Feature"},{"geometry":{"coordinates":[-3.687902777777778,40.513847222222225],"type":"Point"},"properties":{"portal_id":"31013455"},"type":"Feature"},{"geometry":{"coordinates":[-3.6877166666666668,40.513866666666665],"type":"Point"},"properties":{"portal_id":"31013456"},"type":"Feature"},{"geometry":{"coordinates":[-3.687513888888889,40.51387777777778],"type":"Point"},"properties":{"portal_id":"31013457"},"type":"Feature"},{"geometry":{"coordinates":[-3.692688888888889,40.51183611111111],"type":"Point"},"properties":{"portal_id":"31015596"},"type":"Feature"},{"geometry":{"coordinates":[-3.6925583333333334,40.51176666666667],"type":"Point"},"properties":{"portal_id":"31015597"},"type":"Feature"},{"geometry":{"coordinates":[-3.6924138888888893,40.51170277777778],"type":"Point"},"properties":{"portal_id":"31015598"},"type":"Feature"},{"geometry":{"coordinates":[-3.6922472222222225,40.511605555555555],"type":"Point"},"properties":{"portal_id":"31015599"},"type":"Feature"},{"geometry":{"coordinates":[-3.6930944444444447,40.51134722222222],"type":"Point"},"properties":{"portal_id":"31015748"},"type":"Feature"},{"geometry":{"coordinates":[-3.692952777777778,40.51128611111111],"type":"Point"},"properties":{"portal_id":"31015749"},"type":"Feature"},{"geometry":{"coordinates":[-3.6928222222222225,40.51121388888889],"type":"Point"},"properties":{"portal_id":"31015750"},"type":"Feature"},{"geometry":{"coordinates":[-3.6925972222222225,40.511125],"type":"Point"},"properties":{"portal_id":"31015751"},"type":"Feature"},{"geometry":{"coordinates":[-3.672011111111111,40.50042777777778],"type":"Point"},"properties":{"portal_id":"31017136"},"type":"Feature"},{"geometry":{"coordinates":[-3.6721749999999997,40.500283333333336],"type":"Point"},"properties":{"portal_id":"31017137"},"type":"Feature"},{"geometry":{"coordinates":[-3.67235,40.50013888888889],"type":"Point"},"properties":{"portal_id":"31017138"},"type":"Feature"},{"geometry":{"coordinates":[-3.672433333333333,40.500011111111114],"type":"Point"},"properties":{"portal_id":"31017139"},"type":"Feature"},{"geometry":{"coordinates":[-3.672563888888889,40.500119444444444],"type":"Point"},"properties":{"portal_id":"31017140"},"type":"Feature"},{"geometry":{"coordinates":[-3.6727166666666666,40.500225],"type":"Point"},"properties":{"portal_id":"31017141"},"type":"Feature"},{"geometry":{"coordinates":[-3.672872222222222,40.50031388888889],"type":"Point"},"properties":{"portal_id":"31017142"},"type":"Feature"},{"geometry":{"coordinates":[-3.672708333333333,40.50038888888889],"type":"Point"},"properties":{"portal_id":"31017143"},"type":"Feature"},{"geometry":{"coordinates":[-3.672475,40.50058611111111],"type":"Point"},"properties":{"portal_id":"31017144"},"type":"Feature"},{"geometry":{"coordinates":[-3.672311111111111,40.500733333333336],"type":"Point"},"properties":{"portal_id":"31017145"},"type":"Feature"},{"geometry":{"coordinates":[-3.672133333333333,40.50087777777778],"type":"Point"},"properties":{"portal_id":"31017146"},"type":"Feature"},{"geometry":{"coordinates":[-3.6720527777777776,40.50100555555556],"type":"Point"},"properties":{"portal_id":"31017147"},"type":"Feature"},{"geometry":{"coordinates":[-3.671922222222222,40.50089722222222],"type":"Point"},"properties":{"portal_id":"31017148"},"type":"Feature"},{"geometry":{"coordinates":[-3.6717666666666666,40.50078888888889],"type":"Point"},"properties":{"portal_id":"31017149"},"type":"Feature"},{"geometry":{"coordinates":[-3.671613888888889,40.500708333333336],"type":"Point"},"properties":{"portal_id":"31017150"},"type":"Feature"},{"geometry":{"coordinates":[-3.671777777777778,40.50062777777778],"type":"Point"},"properties":{"portal_id":"31017151"},"type":"Feature"},{"geometry":{"coordinates":[-3.610275,40.40222222222222],"type":"Point"},"properties":{"portal_id":"31017376"},"type":"Feature"},{"geometry":{"coordinates":[-3.610036111111111,40.40208611111111],"type":"Point"},"properties":{"portal_id":"31017377"},"type":"Feature"},{"geometry":{"coordinates":[-3.610222222222222,40.40187777777778],"type":"Point"},"properties":{"portal_id":"31017378"},"type":"Feature"},{"geometry":{"coordinates":[-3.6104611111111113,40.402002777777774],"type":"Point"},"properties":{"portal_id":"31017379"},"type":"Feature"},{"geometry":{"coordinates":[-3.609375,40.401738888888886],"type":"Point"},"properties":{"portal_id":"31017383"},"type":"Feature"},{"geometry":{"coordinates":[-3.6096222222222223,40.401872222222224],"type":"Point"},"properties":{"portal_id":"31017384"},"type":"Feature"},{"geometry":{"coordinates":[-3.6098083333333335,40.40165555555556],"type":"Point"},"properties":{"portal_id":"31017385"},"type":"Feature"},{"geometry":{"coordinates":[-3.6095722222222224,40.40153055555555],"type":"Point"},"properties":{"portal_id":"31017386"},"type":"Feature"},{"geometry":{"coordinates":[-3.6109472222222223,40.40257777777778],"type":"Point"},"properties":{"portal_id":"31017388"},"type":"Feature"},{"geometry":{"coordinates":[-3.6106527777777777,40.402425],"type":"Point"},"properties":{"portal_id":"31017389"},"type":"Feature"},{"geometry":{"coordinates":[-3.610875,40.402227777777775],"type":"Point"},"properties":{"portal_id":"31017390"},"type":"Feature"},{"geometry":{"coordinates":[-3.611111111111111,40.40235277777778],"type":"Point"},"properties":{"portal_id":"31017391"},"type":"Feature"},{"geometry":{"coordinates":[-3.671594444444444,40.50232222222222],"type":"Point"},"properties":{"portal_id":"31017815"},"type":"Feature"},{"geometry":{"coordinates":[-3.6714305555555553,40.50239444444444],"type":"Point"},"properties":{"portal_id":"31017816"},"type":"Feature"},{"geometry":{"coordinates":[-3.6712666666666665,40.502541666666666],"type":"Point"},"properties":{"portal_id":"31017817"},"type":"Feature"},{"geometry":{"coordinates":[-3.6711027777777776,40.50267777777778],"type":"Point"},"properties":{"portal_id":"31017818"},"type":"Feature"},{"geometry":{"coordinates":[-3.6710555555555553,40.50283888888889],"type":"Point"},"properties":{"portal_id":"31017819"},"type":"Feature"},{"geometry":{"coordinates":[-3.6712333333333333,40.50295555555556],"type":"Point"},"properties":{"portal_id":"31017820"},"type":"Feature"},{"geometry":{"coordinates":[-3.6713999999999998,40.50307222222222],"type":"Point"},"properties":{"portal_id":"31017821"},"type":"Feature"},{"geometry":{"coordinates":[-3.663872222222222,40.383358333333334],"type":"Point"},"properties":{"portal_id":"31018147"},"type":"Feature"},{"geometry":{"coordinates":[-3.6625027777777777,40.386716666666665],"type":"Point"},"properties":{"portal_id":"31018222"},"type":"Feature"},{"geometry":{"coordinates":[-3.671636111111111,40.50286388888889],"type":"Point"},"properties":{"portal_id":"31018370"},"type":"Feature"},{"geometry":{"coordinates":[-3.6717638888888886,40.502763888888886],"type":"Point"},"properties":{"portal_id":"31018371"},"type":"Feature"},{"geometry":{"coordinates":[-3.6718805555555556,40.502652777777776],"type":"Point"},"properties":{"portal_id":"31018372"},"type":"Feature"},{"geometry":{"coordinates":[-3.671986111111111,40.502580555555554],"type":"Point"},"properties":{"portal_id":"31018373"},"type":"Feature"},{"geometry":{"coordinates":[-3.6718916666666663,40.5025],"type":"Point"},"properties":{"portal_id":"31018374"},"type":"Feature"},{"geometry":{"coordinates":[-3.6906722222222226,40.50987777777778],"type":"Point"},"properties":{"portal_id":"31018872"},"type":"Feature"},{"geometry":{"coordinates":[-3.605697222222222,40.36236944444445],"type":"Point"},"properties":{"portal_id":"31019538"},"type":"Feature"},{"geometry":{"coordinates":[-3.6054861111111114,40.362272222222224],"type":"Point"},"properties":{"portal_id":"31019541"},"type":"Feature"},{"geometry":{"coordinates":[-3.605425,40.36223611111111],"type":"Point"},"properties":{"portal_id":"31019542"},"type":"Feature"},{"geometry":{"coordinates":[-3.6053555555555556,40.362211111111115],"type":"Point"},"properties":{"portal_id":"31019543"},"type":"Feature"},{"geometry":{"coordinates":[-3.6052944444444446,40.362175],"type":"Point"},"properties":{"portal_id":"31019544"},"type":"Feature"},{"geometry":{"coordinates":[-3.605225,40.36213888888889],"type":"Point"},"properties":{"portal_id":"31019545"},"type":"Feature"},{"geometry":{"coordinates":[-3.6051527777777777,40.36210277777778],"type":"Point"},"properties":{"portal_id":"31019546"},"type":"Feature"},{"geometry":{"coordinates":[-3.6050833333333334,40.36206666666667],"type":"Point"},"properties":{"portal_id":"31019547"},"type":"Feature"},{"geometry":{"coordinates":[-3.6055722222222224,40.362858333333335],"type":"Point"},"properties":{"portal_id":"31019548"},"type":"Feature"},{"geometry":{"coordinates":[-3.6056083333333335,40.36280277777778],"type":"Point"},"properties":{"portal_id":"31019549"},"type":"Feature"},{"geometry":{"coordinates":[-3.605652777777778,40.36275],"type":"Point"},"properties":{"portal_id":"31019550"},"type":"Feature"},{"geometry":{"coordinates":[-3.6057,40.36269444444444],"type":"Point"},"properties":{"portal_id":"31019551"},"type":"Feature"},{"geometry":{"coordinates":[-3.6057583333333336,40.36262222222222],"type":"Point"},"properties":{"portal_id":"31019552"},"type":"Feature"},{"geometry":{"coordinates":[-3.60535,40.36289444444444],"type":"Point"},"properties":{"portal_id":"31019553"},"type":"Feature"},{"geometry":{"coordinates":[-3.605113888888889,40.36277777777778],"type":"Point"},"properties":{"portal_id":"31019554"},"type":"Feature"},{"geometry":{"coordinates":[-3.6050166666666668,40.36273333333334],"type":"Point"},"properties":{"portal_id":"31019555"},"type":"Feature"},{"geometry":{"coordinates":[-3.6049472222222225,40.362700000000004],"type":"Point"},"properties":{"portal_id":"31019556"},"type":"Feature"},{"geometry":{"coordinates":[-3.6048750000000003,40.36266388888889],"type":"Point"},"properties":{"portal_id":"31019557"},"type":"Feature"},{"geometry":{"coordinates":[-3.6047333333333333,40.36259166666667],"type":"Point"},"properties":{"portal_id":"31019558"},"type":"Feature"},{"geometry":{"coordinates":[-3.6046750000000003,40.36256388888889],"type":"Point"},"properties":{"portal_id":"31019559"},"type":"Feature"},{"geometry":{"coordinates":[-3.6050694444444447,40.36321944444445],"type":"Point"},"properties":{"portal_id":"31019560"},"type":"Feature"},{"geometry":{"coordinates":[-3.6049861111111112,40.363175],"type":"Point"},"properties":{"portal_id":"31019561"},"type":"Feature"},{"geometry":{"coordinates":[-3.604938888888889,40.363150000000005],"type":"Point"},"properties":{"portal_id":"31019562"},"type":"Feature"},{"geometry":{"coordinates":[-3.6047972222222224,40.36307777777778],"type":"Point"},"properties":{"portal_id":"31019563"},"type":"Feature"},{"geometry":{"coordinates":[-3.604725,40.36305],"type":"Point"},"properties":{"portal_id":"31019564"},"type":"Feature"},{"geometry":{"coordinates":[-3.6046083333333336,40.36298888888889],"type":"Point"},"properties":{"portal_id":"31019565"},"type":"Feature"},{"geometry":{"coordinates":[-3.6045361111111114,40.36295277777778],"type":"Point"},"properties":{"portal_id":"31019566"},"type":"Feature"},{"geometry":{"coordinates":[-3.6044055555555556,40.36289166666667],"type":"Point"},"properties":{"portal_id":"31019567"},"type":"Feature"},{"geometry":{"coordinates":[-3.604347222222222,40.36286388888889],"type":"Point"},"properties":{"portal_id":"31019568"},"type":"Feature"},{"geometry":{"coordinates":[-3.604147222222222,40.362766666666666],"type":"Point"},"properties":{"portal_id":"31019569"},"type":"Feature"},{"geometry":{"coordinates":[-3.604216666666667,40.362791666666666],"type":"Point"},"properties":{"portal_id":"31019570"},"type":"Feature"},{"geometry":{"coordinates":[-3.604075,40.36273055555556],"type":"Point"},"properties":{"portal_id":"31019571"},"type":"Feature"},{"geometry":{"coordinates":[-3.6040055555555557,40.36269444444444],"type":"Point"},"properties":{"portal_id":"31019572"},"type":"Feature"},{"geometry":{"coordinates":[-3.5870555555555557,40.36397222222222],"type":"Point"},"properties":{"portal_id":"31019629"},"type":"Feature"},{"geometry":{"coordinates":[-3.5872805555555556,40.364086111111114],"type":"Point"},"properties":{"portal_id":"31019630"},"type":"Feature"},{"geometry":{"coordinates":[-3.6025444444444443,40.36266666666667],"type":"Point"},"properties":{"portal_id":"31019975"},"type":"Feature"},{"geometry":{"coordinates":[-3.60245,40.36262222222222],"type":"Point"},"properties":{"portal_id":"31019976"},"type":"Feature"},{"geometry":{"coordinates":[-3.602377777777778,40.36258611111111],"type":"Point"},"properties":{"portal_id":"31019977"},"type":"Feature"},{"geometry":{"coordinates":[-3.6023083333333332,40.36255],"type":"Point"},"properties":{"portal_id":"31019978"},"type":"Feature"},{"geometry":{"coordinates":[-3.6022361111111114,40.36251388888889],"type":"Point"},"properties":{"portal_id":"31019979"},"type":"Feature"},{"geometry":{"coordinates":[-3.602152777777778,40.36246944444444],"type":"Point"},"properties":{"portal_id":"31019980"},"type":"Feature"},{"geometry":{"coordinates":[-3.602047222222222,40.36241666666667],"type":"Point"},"properties":{"portal_id":"31019981"},"type":"Feature"},{"geometry":{"coordinates":[-3.601963888888889,40.36237222222223],"type":"Point"},"properties":{"portal_id":"31019982"},"type":"Feature"},{"geometry":{"coordinates":[-3.6018944444444445,40.36233611111111],"type":"Point"},"properties":{"portal_id":"31019983"},"type":"Feature"},{"geometry":{"coordinates":[-3.601811111111111,40.362300000000005],"type":"Point"},"properties":{"portal_id":"31019984"},"type":"Feature"},{"geometry":{"coordinates":[-3.601716666666667,40.362255555555556],"type":"Point"},"properties":{"portal_id":"31019985"},"type":"Feature"},{"geometry":{"coordinates":[-3.5885833333333337,40.44345],"type":"Point"},"properties":{"portal_id":"31020281"},"type":"Feature"},{"geometry":{"coordinates":[-3.5885611111111113,40.44336944444444],"type":"Point"},"properties":{"portal_id":"31020282"},"type":"Feature"},{"geometry":{"coordinates":[-3.6114361111111113,40.3678],"type":"Point"},"properties":{"portal_id":"31020337"},"type":"Feature"},{"geometry":{"coordinates":[-3.6113416666666667,40.36792777777778],"type":"Point"},"properties":{"portal_id":"31020338"},"type":"Feature"},{"geometry":{"coordinates":[-3.611152777777778,40.367891666666665],"type":"Point"},"properties":{"portal_id":"31020339"},"type":"Feature"},{"geometry":{"coordinates":[-3.610927777777778,40.367783333333335],"type":"Point"},"properties":{"portal_id":"31020340"},"type":"Feature"},{"geometry":{"coordinates":[-3.6107750000000003,40.36765833333333],"type":"Point"},"properties":{"portal_id":"31020341"},"type":"Feature"},{"geometry":{"coordinates":[-3.610891666666667,40.36754166666667],"type":"Point"},"properties":{"portal_id":"31020342"},"type":"Feature"},{"geometry":{"coordinates":[-3.610961111111111,40.36745],"type":"Point"},"properties":{"portal_id":"31020343"},"type":"Feature"},{"geometry":{"coordinates":[-3.6110527777777777,40.367325],"type":"Point"},"properties":{"portal_id":"31020344"},"type":"Feature"},{"geometry":{"coordinates":[-3.6112888888888888,40.367377777777776],"type":"Point"},"properties":{"portal_id":"31020345"},"type":"Feature"},{"geometry":{"coordinates":[-3.611466666666667,40.367466666666665],"type":"Point"},"properties":{"portal_id":"31020346"},"type":"Feature"},{"geometry":{"coordinates":[-3.6116222222222225,40.3676],"type":"Point"},"properties":{"portal_id":"31020347"},"type":"Feature"},{"geometry":{"coordinates":[-3.6115055555555555,40.36771944444445],"type":"Point"},"properties":{"portal_id":"31020348"},"type":"Feature"},{"geometry":{"coordinates":[-3.611677777777778,40.36863611111111],"type":"Point"},"properties":{"portal_id":"31020605"},"type":"Feature"},{"geometry":{"coordinates":[-3.6114194444444445,40.36858333333333],"type":"Point"},"properties":{"portal_id":"31020607"},"type":"Feature"},{"geometry":{"coordinates":[-3.611313888888889,40.36870277777778],"type":"Point"},"properties":{"portal_id":"31020608"},"type":"Feature"},{"geometry":{"coordinates":[-3.701125,40.334469444444444],"type":"Point"},"properties":{"portal_id":"31020715"},"type":"Feature"},{"geometry":{"coordinates":[-3.6638305555555553,40.382736111111114],"type":"Point"},"properties":{"portal_id":"31022514"},"type":"Feature"},{"geometry":{"coordinates":[-3.610647222222222,40.36803888888889],"type":"Point"},"properties":{"portal_id":"31022553"},"type":"Feature"},{"geometry":{"coordinates":[-3.6105194444444444,40.367975],"type":"Point"},"properties":{"portal_id":"31022554"},"type":"Feature"},{"geometry":{"coordinates":[-3.61025,40.368158333333334],"type":"Point"},"properties":{"portal_id":"31022555"},"type":"Feature"},{"geometry":{"coordinates":[-3.5952333333333333,40.357730555555555],"type":"Point"},"properties":{"portal_id":"31023185"},"type":"Feature"},{"geometry":{"coordinates":[-3.5950083333333334,40.35760555555556],"type":"Point"},"properties":{"portal_id":"31023186"},"type":"Feature"},{"geometry":{"coordinates":[-3.594797222222222,40.35755277777778],"type":"Point"},"properties":{"portal_id":"31023187"},"type":"Feature"},{"geometry":{"coordinates":[-3.594622222222222,40.35766111111111],"type":"Point"},"properties":{"portal_id":"31023188"},"type":"Feature"},{"geometry":{"coordinates":[-3.5945055555555556,40.35780833333334],"type":"Point"},"properties":{"portal_id":"31023189"},"type":"Feature"},{"geometry":{"coordinates":[-3.594763888888889,40.357958333333336],"type":"Point"},"properties":{"portal_id":"31023190"},"type":"Feature"},{"geometry":{"coordinates":[-3.5950472222222225,40.357975],"type":"Point"},"properties":{"portal_id":"31023191"},"type":"Feature"},{"geometry":{"coordinates":[-3.5951416666666667,40.35785833333333],"type":"Point"},"properties":{"portal_id":"31023192"},"type":"Feature"},{"geometry":{"coordinates":[-3.588741666666667,40.44521666666666],"type":"Point"},"properties":{"portal_id":"31023223"},"type":"Feature"},{"geometry":{"coordinates":[-3.588966666666667,40.44528611111111],"type":"Point"},"properties":{"portal_id":"31023224"},"type":"Feature"},{"geometry":{"coordinates":[-3.5891083333333333,40.44526666666666],"type":"Point"},"properties":{"portal_id":"31023225"},"type":"Feature"},{"geometry":{"coordinates":[-3.589163888888889,40.44516944444444],"type":"Point"},"properties":{"portal_id":"31023226"},"type":"Feature"},{"geometry":{"coordinates":[-3.5892222222222223,40.44504166666666],"type":"Point"},"properties":{"portal_id":"31023227"},"type":"Feature"},{"geometry":{"coordinates":[-3.5885833333333337,40.44483888888889],"type":"Point"},"properties":{"portal_id":"31023228"},"type":"Feature"},{"geometry":{"coordinates":[-3.588538888888889,40.44495555555555],"type":"Point"},"properties":{"portal_id":"31023229"},"type":"Feature"},{"geometry":{"coordinates":[-3.5884694444444447,40.4451],"type":"Point"},"properties":{"portal_id":"31023231"},"type":"Feature"},{"geometry":{"coordinates":[-3.588538888888889,40.44515277777777],"type":"Point"},"properties":{"portal_id":"31023232"},"type":"Feature"},{"geometry":{"coordinates":[-3.6987083333333337,40.33415277777778],"type":"Point"},"properties":{"portal_id":"31023264"},"type":"Feature"},{"geometry":{"coordinates":[-3.5871,40.36362777777778],"type":"Point"},"properties":{"portal_id":"31023500"},"type":"Feature"},{"geometry":{"coordinates":[-3.5871583333333334,40.36355555555556],"type":"Point"},"properties":{"portal_id":"31023501"},"type":"Feature"},{"geometry":{"coordinates":[-3.5873694444444446,40.36356388888889],"type":"Point"},"properties":{"portal_id":"31023503"},"type":"Feature"},{"geometry":{"coordinates":[-3.5876194444444445,40.363680555555554],"type":"Point"},"properties":{"portal_id":"31023504"},"type":"Feature"},{"geometry":{"coordinates":[-3.5876916666666667,40.36381388888889],"type":"Point"},"properties":{"portal_id":"31023505"},"type":"Feature"},{"geometry":{"coordinates":[-3.5876194444444445,40.36389722222222],"type":"Point"},"properties":{"portal_id":"31023506"},"type":"Feature"},{"geometry":{"coordinates":[-3.66185,40.387280555555556],"type":"Point"},"properties":{"portal_id":"31023894"},"type":"Feature"},{"geometry":{"coordinates":[-3.672997222222222,40.50343055555555],"type":"Point"},"properties":{"portal_id":"31024039"},"type":"Feature"},{"geometry":{"coordinates":[-3.672833333333333,40.50363888888889],"type":"Point"},"properties":{"portal_id":"31024040"},"type":"Feature"},{"geometry":{"coordinates":[-3.6727777777777777,40.50384722222222],"type":"Point"},"properties":{"portal_id":"31024041"},"type":"Feature"},{"geometry":{"coordinates":[-3.672722222222222,40.504063888888886],"type":"Point"},"properties":{"portal_id":"31024042"},"type":"Feature"},{"geometry":{"coordinates":[-3.6918083333333334,40.51246388888889],"type":"Point"},"properties":{"portal_id":"31024155"},"type":"Feature"},{"geometry":{"coordinates":[-3.6915972222222226,40.51244722222222],"type":"Point"},"properties":{"portal_id":"31024156"},"type":"Feature"},{"geometry":{"coordinates":[-3.691336111111111,40.51242222222222],"type":"Point"},"properties":{"portal_id":"31024157"},"type":"Feature"},{"geometry":{"coordinates":[-3.6911111111111112,40.51240555555555],"type":"Point"},"properties":{"portal_id":"31024158"},"type":"Feature"},{"geometry":{"coordinates":[-3.690838888888889,40.51238055555555],"type":"Point"},"properties":{"portal_id":"31024159"},"type":"Feature"},{"geometry":{"coordinates":[-3.690616666666667,40.51236388888889],"type":"Point"},"properties":{"portal_id":"31024160"},"type":"Feature"},{"geometry":{"coordinates":[-3.6903083333333337,40.51232777777778],"type":"Point"},"properties":{"portal_id":"31024161"},"type":"Feature"},{"geometry":{"coordinates":[-3.690413888888889,40.51213055555556],"type":"Point"},"properties":{"portal_id":"31024162"},"type":"Feature"},{"geometry":{"coordinates":[-3.6904722222222226,40.51213055555556],"type":"Point"},"properties":{"portal_id":"31024163"},"type":"Feature"},{"geometry":{"coordinates":[-3.6909333333333336,40.51218055555555],"type":"Point"},"properties":{"portal_id":"31024164"},"type":"Feature"},{"geometry":{"coordinates":[-3.690980555555556,40.51218055555555],"type":"Point"},"properties":{"portal_id":"31024165"},"type":"Feature"},{"geometry":{"coordinates":[-3.6914888888888893,40.51222222222222],"type":"Point"},"properties":{"portal_id":"31024166"},"type":"Feature"},{"geometry":{"coordinates":[-3.691416666666667,40.51222222222222],"type":"Point"},"properties":{"portal_id":"31024167"},"type":"Feature"},{"geometry":{"coordinates":[-3.6919472222222223,40.51222777777778],"type":"Point"},"properties":{"portal_id":"31024168"},"type":"Feature"},{"geometry":{"coordinates":[-3.692338888888889,40.51239722222222],"type":"Point"},"properties":{"portal_id":"31025509"},"type":"Feature"},{"geometry":{"coordinates":[-3.6923500000000002,40.512325],"type":"Point"},"properties":{"portal_id":"31025510"},"type":"Feature"},{"geometry":{"coordinates":[-3.6923611111111114,40.51224444444444],"type":"Point"},"properties":{"portal_id":"31025511"},"type":"Feature"},{"geometry":{"coordinates":[-3.6923722222222226,40.51217222222222],"type":"Point"},"properties":{"portal_id":"31025512"},"type":"Feature"},{"geometry":{"coordinates":[-3.6923833333333334,40.51210833333333],"type":"Point"},"properties":{"portal_id":"31025513"},"type":"Feature"},{"geometry":{"coordinates":[-3.6924916666666667,40.512188888888886],"type":"Point"},"properties":{"portal_id":"31025514"},"type":"Feature"},{"geometry":{"coordinates":[-3.6924555555555556,40.51224444444444],"type":"Point"},"properties":{"portal_id":"31025515"},"type":"Feature"},{"geometry":{"coordinates":[-3.599113888888889,40.358325],"type":"Point"},"properties":{"portal_id":"31025584"},"type":"Feature"},{"geometry":{"coordinates":[-3.5991611111111115,40.35827777777778],"type":"Point"},"properties":{"portal_id":"31025585"},"type":"Feature"},{"geometry":{"coordinates":[-3.5991944444444446,40.35823333333334],"type":"Point"},"properties":{"portal_id":"31025586"},"type":"Feature"},{"geometry":{"coordinates":[-3.5992305555555557,40.35818888888889],"type":"Point"},"properties":{"portal_id":"31025587"},"type":"Feature"},{"geometry":{"coordinates":[-3.5987944444444446,40.358244444444445],"type":"Point"},"properties":{"portal_id":"31025590"},"type":"Feature"},{"geometry":{"coordinates":[-3.598736111111111,40.35821666666667],"type":"Point"},"properties":{"portal_id":"31025591"},"type":"Feature"},{"geometry":{"coordinates":[-3.598677777777778,40.35819166666667],"type":"Point"},"properties":{"portal_id":"31025592"},"type":"Feature"},{"geometry":{"coordinates":[-3.598616666666667,40.35817222222222],"type":"Point"},"properties":{"portal_id":"31025593"},"type":"Feature"},{"geometry":{"coordinates":[-3.5985583333333335,40.35814722222222],"type":"Point"},"properties":{"portal_id":"31025594"},"type":"Feature"},{"geometry":{"coordinates":[-3.5985,40.35811944444445],"type":"Point"},"properties":{"portal_id":"31025595"},"type":"Feature"},{"geometry":{"coordinates":[-3.598441666666667,40.35810277777778],"type":"Point"},"properties":{"portal_id":"31025596"},"type":"Feature"},{"geometry":{"coordinates":[-3.598380555555556,40.358075],"type":"Point"},"properties":{"portal_id":"31025598"},"type":"Feature"},{"geometry":{"coordinates":[-3.5983222222222224,40.358047222222226],"type":"Point"},"properties":{"portal_id":"31025599"},"type":"Feature"},{"geometry":{"coordinates":[-3.598038888888889,40.35795],"type":"Point"},"properties":{"portal_id":"31025601"},"type":"Feature"},{"geometry":{"coordinates":[-3.5979805555555555,40.357933333333335],"type":"Point"},"properties":{"portal_id":"31025602"},"type":"Feature"},{"geometry":{"coordinates":[-3.5979194444444444,40.357905555555554],"type":"Point"},"properties":{"portal_id":"31025603"},"type":"Feature"},{"geometry":{"coordinates":[-3.59785,40.35788888888889],"type":"Point"},"properties":{"portal_id":"31025604"},"type":"Feature"},{"geometry":{"coordinates":[-3.5977916666666667,40.35787222222223],"type":"Point"},"properties":{"portal_id":"31025605"},"type":"Feature"},{"geometry":{"coordinates":[-3.5977305555555557,40.35785277777778],"type":"Point"},"properties":{"portal_id":"31025606"},"type":"Feature"},{"geometry":{"coordinates":[-3.5976611111111114,40.35782777777778],"type":"Point"},"properties":{"portal_id":"31025607"},"type":"Feature"},{"geometry":{"coordinates":[-3.597602777777778,40.35780833333334],"type":"Point"},"properties":{"portal_id":"31025608"},"type":"Feature"},{"geometry":{"coordinates":[-3.597541666666667,40.35779166666667],"type":"Point"},"properties":{"portal_id":"31025609"},"type":"Feature"},{"geometry":{"coordinates":[-3.5972944444444446,40.35763055555556],"type":"Point"},"properties":{"portal_id":"31025611"},"type":"Feature"},{"geometry":{"coordinates":[-3.597341666666667,40.35758611111111],"type":"Point"},"properties":{"portal_id":"31025612"},"type":"Feature"},{"geometry":{"coordinates":[-3.597375,40.35753888888889],"type":"Point"},"properties":{"portal_id":"31025613"},"type":"Feature"},{"geometry":{"coordinates":[-3.597411111111111,40.35749444444445],"type":"Point"},"properties":{"portal_id":"31025614"},"type":"Feature"},{"geometry":{"coordinates":[-3.592613888888889,40.35711388888889],"type":"Point"},"properties":{"portal_id":"31025731"},"type":"Feature"},{"geometry":{"coordinates":[-3.5924500000000004,40.35730277777778],"type":"Point"},"properties":{"portal_id":"31025732"},"type":"Feature"},{"geometry":{"coordinates":[-3.592486111111111,40.35743055555556],"type":"Point"},"properties":{"portal_id":"31025733"},"type":"Feature"},{"geometry":{"coordinates":[-3.5927583333333333,40.35749166666667],"type":"Point"},"properties":{"portal_id":"31025735"},"type":"Feature"},{"geometry":{"coordinates":[-3.5929,40.357527777777776],"type":"Point"},"properties":{"portal_id":"31025736"},"type":"Feature"},{"geometry":{"coordinates":[-3.5931805555555556,40.357283333333335],"type":"Point"},"properties":{"portal_id":"31025737"},"type":"Feature"},{"geometry":{"coordinates":[-3.593275,40.357175],"type":"Point"},"properties":{"portal_id":"31025738"},"type":"Feature"},{"geometry":{"coordinates":[-3.5930722222222222,40.35706666666667],"type":"Point"},"properties":{"portal_id":"31025739"},"type":"Feature"},{"geometry":{"coordinates":[-3.592802777777778,40.356997222222226],"type":"Point"},"properties":{"portal_id":"31025740"},"type":"Feature"},{"geometry":{"coordinates":[-3.6109944444444446,40.36846944444444],"type":"Point"},"properties":{"portal_id":"31027960"},"type":"Feature"},{"geometry":{"coordinates":[-3.611075,40.36837777777778],"type":"Point"},"properties":{"portal_id":"31027961"},"type":"Feature"},{"geometry":{"coordinates":[-3.611075,40.36824444444444],"type":"Point"},"properties":{"portal_id":"31027962"},"type":"Feature"},{"geometry":{"coordinates":[-3.6109666666666667,40.36818888888889],"type":"Point"},"properties":{"portal_id":"31027963"},"type":"Feature"},{"geometry":{"coordinates":[-3.5831916666666666,40.36515277777778],"type":"Point"},"properties":{"portal_id":"31028477"},"type":"Feature"},{"geometry":{"coordinates":[-3.582683333333333,40.364894444444445],"type":"Point"},"properties":{"portal_id":"31028478"},"type":"Feature"},{"geometry":{"coordinates":[-3.600061111111111,40.36023888888889],"type":"Point"},"properties":{"portal_id":"31028536"},"type":"Feature"},{"geometry":{"coordinates":[-3.6000027777777777,40.360191666666665],"type":"Point"},"properties":{"portal_id":"31028537"},"type":"Feature"},{"geometry":{"coordinates":[-3.599955555555556,40.360147222222224],"type":"Point"},"properties":{"portal_id":"31028538"},"type":"Feature"},{"geometry":{"coordinates":[-3.599905555555556,40.36011111111111],"type":"Point"},"properties":{"portal_id":"31028539"},"type":"Feature"},{"geometry":{"coordinates":[-3.5998583333333336,40.36007777777778],"type":"Point"},"properties":{"portal_id":"31028540"},"type":"Feature"},{"geometry":{"coordinates":[-3.5998111111111113,40.36004166666667],"type":"Point"},"properties":{"portal_id":"31028541"},"type":"Feature"},{"geometry":{"coordinates":[-3.599763888888889,40.36000555555556],"type":"Point"},"properties":{"portal_id":"31028542"},"type":"Feature"},{"geometry":{"coordinates":[-3.5997166666666667,40.359969444444445],"type":"Point"},"properties":{"portal_id":"31028543"},"type":"Feature"},{"geometry":{"coordinates":[-3.5996583333333336,40.359925000000004],"type":"Point"},"properties":{"portal_id":"31028544"},"type":"Feature"},{"geometry":{"coordinates":[-3.5996111111111113,40.35989722222222],"type":"Point"},"properties":{"portal_id":"31028546"},"type":"Feature"},{"geometry":{"coordinates":[-3.5994916666666668,40.35981666666667],"type":"Point"},"properties":{"portal_id":"31028547"},"type":"Feature"},{"geometry":{"coordinates":[-3.5994444444444444,40.35978055555556],"type":"Point"},"properties":{"portal_id":"31028548"},"type":"Feature"},{"geometry":{"coordinates":[-3.5993972222222226,40.359744444444445],"type":"Point"},"properties":{"portal_id":"31028549"},"type":"Feature"},{"geometry":{"coordinates":[-3.599338888888889,40.35971111111111],"type":"Point"},"properties":{"portal_id":"31028550"},"type":"Feature"},{"geometry":{"coordinates":[-3.599291666666667,40.35968333333334],"type":"Point"},"properties":{"portal_id":"31028551"},"type":"Feature"},{"geometry":{"coordinates":[-3.5992305555555557,40.35964722222222],"type":"Point"},"properties":{"portal_id":"31028553"},"type":"Feature"},{"geometry":{"coordinates":[-3.5991833333333334,40.359611111111114],"type":"Point"},"properties":{"portal_id":"31028554"},"type":"Feature"},{"geometry":{"coordinates":[-3.5991250000000004,40.35958611111111],"type":"Point"},"properties":{"portal_id":"31028555"},"type":"Feature"},{"geometry":{"coordinates":[-3.5990194444444445,40.359522222222225],"type":"Point"},"properties":{"portal_id":"31028556"},"type":"Feature"},{"geometry":{"coordinates":[-3.599077777777778,40.35955],"type":"Point"},"properties":{"portal_id":"31028557"},"type":"Feature"},{"geometry":{"coordinates":[-3.5989472222222223,40.35947777777778],"type":"Point"},"properties":{"portal_id":"31028558"},"type":"Feature"},{"geometry":{"coordinates":[-3.6004916666666666,40.35975],"type":"Point"},"properties":{"portal_id":"31028559"},"type":"Feature"},{"geometry":{"coordinates":[-3.6004222222222224,40.35968611111111],"type":"Point"},"properties":{"portal_id":"31028560"},"type":"Feature"},{"geometry":{"coordinates":[-3.6003861111111113,40.359658333333336],"type":"Point"},"properties":{"portal_id":"31028561"},"type":"Feature"},{"geometry":{"coordinates":[-3.600327777777778,40.359625],"type":"Point"},"properties":{"portal_id":"31028562"},"type":"Feature"},{"geometry":{"coordinates":[-3.600277777777778,40.359588888888894],"type":"Point"},"properties":{"portal_id":"31028563"},"type":"Feature"},{"geometry":{"coordinates":[-3.6002305555555556,40.359544444444445],"type":"Point"},"properties":{"portal_id":"31028564"},"type":"Feature"},{"geometry":{"coordinates":[-3.6001833333333333,40.35950833333334],"type":"Point"},"properties":{"portal_id":"31028565"},"type":"Feature"},{"geometry":{"coordinates":[-3.6001250000000002,40.35946388888889],"type":"Point"},"properties":{"portal_id":"31028566"},"type":"Feature"},{"geometry":{"coordinates":[-3.600077777777778,40.359436111111116],"type":"Point"},"properties":{"portal_id":"31028568"},"type":"Feature"},{"geometry":{"coordinates":[-3.6000055555555557,40.35939166666667],"type":"Point"},"properties":{"portal_id":"31028569"},"type":"Feature"},{"geometry":{"coordinates":[-3.599911111111111,40.35932777777778],"type":"Point"},"properties":{"portal_id":"31028570"},"type":"Feature"},{"geometry":{"coordinates":[-3.599852777777778,40.35929166666667],"type":"Point"},"properties":{"portal_id":"31028571"},"type":"Feature"},{"geometry":{"coordinates":[-3.5997944444444445,40.35925833333334],"type":"Point"},"properties":{"portal_id":"31028572"},"type":"Feature"},{"geometry":{"coordinates":[-3.5997444444444446,40.35922222222222],"type":"Point"},"properties":{"portal_id":"31028573"},"type":"Feature"},{"geometry":{"coordinates":[-3.5996972222222223,40.359186111111114],"type":"Point"},"properties":{"portal_id":"31028574"},"type":"Feature"},{"geometry":{"coordinates":[-3.59965,40.35915833333333],"type":"Point"},"properties":{"portal_id":"31028575"},"type":"Feature"},{"geometry":{"coordinates":[-3.599591666666667,40.359122222222226],"type":"Point"},"properties":{"portal_id":"31028576"},"type":"Feature"},{"geometry":{"coordinates":[-3.5995333333333335,40.359097222222225],"type":"Point"},"properties":{"portal_id":"31028577"},"type":"Feature"},{"geometry":{"coordinates":[-3.599486111111111,40.35906111111111],"type":"Point"},"properties":{"portal_id":"31028578"},"type":"Feature"},{"geometry":{"coordinates":[-3.599425,40.359033333333336],"type":"Point"},"properties":{"portal_id":"31028579"},"type":"Feature"},{"geometry":{"coordinates":[-3.599355555555556,40.35898888888889],"type":"Point"},"properties":{"portal_id":"31028580"},"type":"Feature"},{"geometry":{"coordinates":[-3.5986972222222224,40.35928055555556],"type":"Point"},"properties":{"portal_id":"31028581"},"type":"Feature"},{"geometry":{"coordinates":[-3.5987444444444447,40.35922777777778],"type":"Point"},"properties":{"portal_id":"31028582"},"type":"Feature"},{"geometry":{"coordinates":[-3.598802777777778,40.359163888888894],"type":"Point"},"properties":{"portal_id":"31028583"},"type":"Feature"},{"geometry":{"coordinates":[-3.598838888888889,40.35912777777778],"type":"Point"},"properties":{"portal_id":"31028584"},"type":"Feature"},{"geometry":{"coordinates":[-3.5988611111111113,40.35909166666667],"type":"Point"},"properties":{"portal_id":"31028585"},"type":"Feature"},{"geometry":{"coordinates":[-3.5988972222222224,40.35904444444444],"type":"Point"},"properties":{"portal_id":"31028586"},"type":"Feature"},{"geometry":{"coordinates":[-3.5989305555555555,40.359],"type":"Point"},"properties":{"portal_id":"31028587"},"type":"Feature"},{"geometry":{"coordinates":[-3.598977777777778,40.35895555555555],"type":"Point"},"properties":{"portal_id":"31028588"},"type":"Feature"},{"geometry":{"coordinates":[-3.599025,40.3589],"type":"Point"},"properties":{"portal_id":"31028589"},"type":"Feature"},{"geometry":{"coordinates":[-3.585413888888889,40.35669166666667],"type":"Point"},"properties":{"portal_id":"31028783"},"type":"Feature"},{"geometry":{"coordinates":[-3.5872444444444445,40.36262777777778],"type":"Point"},"properties":{"portal_id":"31029109"},"type":"Feature"},{"geometry":{"coordinates":[-3.587266666666667,40.36246666666667],"type":"Point"},"properties":{"portal_id":"31029110"},"type":"Feature"},{"geometry":{"coordinates":[-3.597227777777778,40.358108333333334],"type":"Point"},"properties":{"portal_id":"31029129"},"type":"Feature"},{"geometry":{"coordinates":[-3.5971333333333333,40.35808055555556],"type":"Point"},"properties":{"portal_id":"31029130"},"type":"Feature"},{"geometry":{"coordinates":[-3.5969555555555557,40.35805555555556],"type":"Point"},"properties":{"portal_id":"31029131"},"type":"Feature"},{"geometry":{"coordinates":[-3.596827777777778,40.358183333333336],"type":"Point"},"properties":{"portal_id":"31029132"},"type":"Feature"},{"geometry":{"coordinates":[-3.5967694444444445,40.35825555555556],"type":"Point"},"properties":{"portal_id":"31029133"},"type":"Feature"},{"geometry":{"coordinates":[-3.5871055555555555,40.3628],"type":"Point"},"properties":{"portal_id":"31029468"},"type":"Feature"},{"geometry":{"coordinates":[-3.5869055555555556,40.362811111111114],"type":"Point"},"properties":{"portal_id":"31029469"},"type":"Feature"},{"geometry":{"coordinates":[-3.584016666666667,40.362411111111115],"type":"Point"},"properties":{"portal_id":"31029708"},"type":"Feature"},{"geometry":{"coordinates":[-3.584027777777778,40.36232777777778],"type":"Point"},"properties":{"portal_id":"31029709"},"type":"Feature"},{"geometry":{"coordinates":[-3.58385,40.362383333333334],"type":"Point"},"properties":{"portal_id":"31029710"},"type":"Feature"},{"geometry":{"coordinates":[-3.5838722222222223,40.36230277777778],"type":"Point"},"properties":{"portal_id":"31029711"},"type":"Feature"},{"geometry":{"coordinates":[-3.5841444444444446,40.362175],"type":"Point"},"properties":{"portal_id":"31029712"},"type":"Feature"},{"geometry":{"coordinates":[-3.584025,40.36219444444445],"type":"Point"},"properties":{"portal_id":"31029713"},"type":"Feature"},{"geometry":{"coordinates":[-3.584105555555556,40.36205833333334],"type":"Point"},"properties":{"portal_id":"31029714"},"type":"Feature"},{"geometry":{"coordinates":[-3.5839777777777777,40.36206666666667],"type":"Point"},"properties":{"portal_id":"31029715"},"type":"Feature"},{"geometry":{"coordinates":[-3.5842583333333335,40.36190555555556],"type":"Point"},"properties":{"portal_id":"31029716"},"type":"Feature"},{"geometry":{"coordinates":[-3.5842111111111112,40.361986111111115],"type":"Point"},"properties":{"portal_id":"31029717"},"type":"Feature"},{"geometry":{"coordinates":[-3.5841166666666666,40.36184166666667],"type":"Point"},"properties":{"portal_id":"31029718"},"type":"Feature"},{"geometry":{"coordinates":[-3.5840833333333335,40.36190555555556],"type":"Point"},"properties":{"portal_id":"31029719"},"type":"Feature"},{"geometry":{"coordinates":[-3.5843861111111113,40.36171388888889],"type":"Point"},"properties":{"portal_id":"31029720"},"type":"Feature"},{"geometry":{"coordinates":[-3.584305555555556,40.36176944444445],"type":"Point"},"properties":{"portal_id":"31029721"},"type":"Feature"},{"geometry":{"coordinates":[-3.5842333333333336,40.36165277777778],"type":"Point"},"properties":{"portal_id":"31029722"},"type":"Feature"},{"geometry":{"coordinates":[-3.584516666666667,40.36172222222223],"type":"Point"},"properties":{"portal_id":"31029723"},"type":"Feature"},{"geometry":{"coordinates":[-3.6889611111111114,40.51220277777778],"type":"Point"},"properties":{"portal_id":"31029801"},"type":"Feature"},{"geometry":{"coordinates":[-3.68915,40.51222777777778],"type":"Point"},"properties":{"portal_id":"31029802"},"type":"Feature"},{"geometry":{"coordinates":[-3.5880222222222224,40.36281388888889],"type":"Point"},"properties":{"portal_id":"31030090"},"type":"Feature"},{"geometry":{"coordinates":[-3.587927777777778,40.362769444444446],"type":"Point"},"properties":{"portal_id":"31030091"},"type":"Feature"},{"geometry":{"coordinates":[-3.5878222222222225,40.36281388888889],"type":"Point"},"properties":{"portal_id":"31030092"},"type":"Feature"},{"geometry":{"coordinates":[-3.694716666666667,40.33422222222222],"type":"Point"},"properties":{"portal_id":"31030104"},"type":"Feature"},{"geometry":{"coordinates":[-3.5867083333333336,40.36340555555556],"type":"Point"},"properties":{"portal_id":"31030203"},"type":"Feature"},{"geometry":{"coordinates":[-3.586802777777778,40.36323333333333],"type":"Point"},"properties":{"portal_id":"31030204"},"type":"Feature"},{"geometry":{"coordinates":[-3.5866361111111114,40.363144444444444],"type":"Point"},"properties":{"portal_id":"31030205"},"type":"Feature"},{"geometry":{"coordinates":[-3.5864361111111114,40.36307222222222],"type":"Point"},"properties":{"portal_id":"31030207"},"type":"Feature"},{"geometry":{"coordinates":[-3.5862111111111115,40.36301944444445],"type":"Point"},"properties":{"portal_id":"31030208"},"type":"Feature"},{"geometry":{"coordinates":[-3.5861194444444444,40.36312777777778],"type":"Point"},"properties":{"portal_id":"31030209"},"type":"Feature"},{"geometry":{"coordinates":[-3.587088888888889,40.362341666666666],"type":"Point"},"properties":{"portal_id":"31030230"},"type":"Feature"},{"geometry":{"coordinates":[-3.5869833333333334,40.362297222222224],"type":"Point"},"properties":{"portal_id":"31030231"},"type":"Feature"},{"geometry":{"coordinates":[-3.5867944444444446,40.362325],"type":"Point"},"properties":{"portal_id":"31030232"},"type":"Feature"},{"geometry":{"coordinates":[-3.586725,40.362405555555554],"type":"Point"},"properties":{"portal_id":"31030233"},"type":"Feature"},{"geometry":{"coordinates":[-3.6727499999999997,40.50333333333333],"type":"Point"},"properties":{"portal_id":"31030368"},"type":"Feature"},{"geometry":{"coordinates":[-3.6874083333333334,40.51266944444444],"type":"Point"},"properties":{"portal_id":"31030394"},"type":"Feature"},{"geometry":{"coordinates":[-3.6882916666666667,40.512547222222224],"type":"Point"},"properties":{"portal_id":"31030484"},"type":"Feature"},{"geometry":{"coordinates":[-3.688363888888889,40.51271944444444],"type":"Point"},"properties":{"portal_id":"31030485"},"type":"Feature"},{"geometry":{"coordinates":[-3.688177777777778,40.512883333333335],"type":"Point"},"properties":{"portal_id":"31030486"},"type":"Feature"},{"geometry":{"coordinates":[-3.687927777777778,40.51271388888889],"type":"Point"},"properties":{"portal_id":"31030487"},"type":"Feature"},{"geometry":{"coordinates":[-3.6877500000000003,40.512705555555556],"type":"Point"},"properties":{"portal_id":"31030488"},"type":"Feature"},{"geometry":{"coordinates":[-3.6875722222222223,40.51268888888889],"type":"Point"},"properties":{"portal_id":"31030489"},"type":"Feature"},{"geometry":{"coordinates":[-3.6873694444444447,40.51223888888889],"type":"Point"},"properties":{"portal_id":"31030518"},"type":"Feature"},{"geometry":{"coordinates":[-3.6875444444444447,40.51224722222222],"type":"Point"},"properties":{"portal_id":"31030519"},"type":"Feature"},{"geometry":{"coordinates":[-3.6877472222222223,40.51227222222222],"type":"Point"},"properties":{"portal_id":"31030520"},"type":"Feature"},{"geometry":{"coordinates":[-3.6879222222222223,40.51228888888889],"type":"Point"},"properties":{"portal_id":"31030521"},"type":"Feature"},{"geometry":{"coordinates":[-3.6881250000000003,40.51230555555556],"type":"Point"},"properties":{"portal_id":"31030522"},"type":"Feature"},{"geometry":{"coordinates":[-3.6872444444444445,40.512769444444444],"type":"Point"},"properties":{"portal_id":"31030523"},"type":"Feature"},{"geometry":{"coordinates":[-3.687163888888889,40.512997222222225],"type":"Point"},"properties":{"portal_id":"31030524"},"type":"Feature"},{"geometry":{"coordinates":[-3.6874222222222226,40.51302222222222],"type":"Point"},"properties":{"portal_id":"31030525"},"type":"Feature"},{"geometry":{"coordinates":[-3.6876111111111114,40.51301111111111],"type":"Point"},"properties":{"portal_id":"31030526"},"type":"Feature"},{"geometry":{"coordinates":[-3.687813888888889,40.512975],"type":"Point"},"properties":{"portal_id":"31030527"},"type":"Feature"},{"geometry":{"coordinates":[-3.5863111111111112,40.363625],"type":"Point"},"properties":{"portal_id":"31030717"},"type":"Feature"},{"geometry":{"coordinates":[-3.586063888888889,40.3635],"type":"Point"},"properties":{"portal_id":"31030718"},"type":"Feature"},{"geometry":{"coordinates":[-3.5859666666666667,40.36331944444444],"type":"Point"},"properties":{"portal_id":"31030719"},"type":"Feature"},{"geometry":{"coordinates":[-3.5864861111111113,40.36355833333334],"type":"Point"},"properties":{"portal_id":"31030774"},"type":"Feature"},{"geometry":{"coordinates":[-3.587613888888889,40.363194444444446],"type":"Point"},"properties":{"portal_id":"31031037"},"type":"Feature"},{"geometry":{"coordinates":[-3.5875777777777778,40.363058333333335],"type":"Point"},"properties":{"portal_id":"31031038"},"type":"Feature"},{"geometry":{"coordinates":[-3.7010111111111113,40.34849722222222],"type":"Point"},"properties":{"portal_id":"31031728"},"type":"Feature"},{"geometry":{"coordinates":[-3.5983666666666667,40.35904722222222],"type":"Point"},"properties":{"portal_id":"31031774"},"type":"Feature"},{"geometry":{"coordinates":[-3.5983194444444444,40.359030555555556],"type":"Point"},"properties":{"portal_id":"31031775"},"type":"Feature"},{"geometry":{"coordinates":[-3.5982833333333333,40.35900277777778],"type":"Point"},"properties":{"portal_id":"31031776"},"type":"Feature"},{"geometry":{"coordinates":[-3.5982250000000002,40.358986111111115],"type":"Point"},"properties":{"portal_id":"31031777"},"type":"Feature"},{"geometry":{"coordinates":[-3.598152777777778,40.358958333333334],"type":"Point"},"properties":{"portal_id":"31031778"},"type":"Feature"},{"geometry":{"coordinates":[-3.5981055555555557,40.35893333333333],"type":"Point"},"properties":{"portal_id":"31031779"},"type":"Feature"},{"geometry":{"coordinates":[-3.5980694444444445,40.35891388888889],"type":"Point"},"properties":{"portal_id":"31031780"},"type":"Feature"},{"geometry":{"coordinates":[-3.5979750000000004,40.35887777777778],"type":"Point"},"properties":{"portal_id":"31031781"},"type":"Feature"},{"geometry":{"coordinates":[-3.597927777777778,40.35884444444444],"type":"Point"},"properties":{"portal_id":"31031782"},"type":"Feature"},{"geometry":{"coordinates":[-3.597847222222222,40.35881666666667],"type":"Point"},"properties":{"portal_id":"31031783"},"type":"Feature"},{"geometry":{"coordinates":[-3.5986000000000002,40.35883888888889],"type":"Point"},"properties":{"portal_id":"31031784"},"type":"Feature"},{"geometry":{"coordinates":[-3.5985416666666667,40.35882222222222],"type":"Point"},"properties":{"portal_id":"31031785"},"type":"Feature"},{"geometry":{"coordinates":[-3.5984805555555557,40.35879444444445],"type":"Point"},"properties":{"portal_id":"31031786"},"type":"Feature"},{"geometry":{"coordinates":[-3.5984333333333334,40.35877777777778],"type":"Point"},"properties":{"portal_id":"31031787"},"type":"Feature"},{"geometry":{"coordinates":[-3.5983750000000003,40.35871388888889],"type":"Point"},"properties":{"portal_id":"31031788"},"type":"Feature"},{"geometry":{"coordinates":[-3.598316666666667,40.35870555555556],"type":"Point"},"properties":{"portal_id":"31031789"},"type":"Feature"},{"geometry":{"coordinates":[-3.5982694444444445,40.35866111111111],"type":"Point"},"properties":{"portal_id":"31031790"},"type":"Feature"},{"geometry":{"coordinates":[-3.598222222222222,40.358625],"type":"Point"},"properties":{"portal_id":"31031791"},"type":"Feature"},{"geometry":{"coordinates":[-3.598161111111111,40.358580555555555],"type":"Point"},"properties":{"portal_id":"31031792"},"type":"Feature"},{"geometry":{"coordinates":[-3.598102777777778,40.358555555555554],"type":"Point"},"properties":{"portal_id":"31031793"},"type":"Feature"},{"geometry":{"coordinates":[-3.6882638888888892,40.51316944444444],"type":"Point"},"properties":{"portal_id":"31031841"},"type":"Feature"},{"geometry":{"coordinates":[-3.688086111111111,40.513216666666665],"type":"Point"},"properties":{"portal_id":"31031842"},"type":"Feature"},{"geometry":{"coordinates":[-3.687911111111111,40.51326111111111],"type":"Point"},"properties":{"portal_id":"31031843"},"type":"Feature"},{"geometry":{"coordinates":[-3.6877333333333335,40.51329166666667],"type":"Point"},"properties":{"portal_id":"31031844"},"type":"Feature"},{"geometry":{"coordinates":[-3.6875083333333336,40.513308333333335],"type":"Point"},"properties":{"portal_id":"31031845"},"type":"Feature"},{"geometry":{"coordinates":[-3.687319444444445,40.51331111111111],"type":"Point"},"properties":{"portal_id":"31031846"},"type":"Feature"},{"geometry":{"coordinates":[-3.6874611111111113,40.51336388888889],"type":"Point"},"properties":{"portal_id":"31031847"},"type":"Feature"},{"geometry":{"coordinates":[-3.687616666666667,40.513352777777776],"type":"Point"},"properties":{"portal_id":"31031848"},"type":"Feature"},{"geometry":{"coordinates":[-3.687791666666667,40.51333611111111],"type":"Point"},"properties":{"portal_id":"31031849"},"type":"Feature"},{"geometry":{"coordinates":[-3.6879694444444446,40.51329722222222],"type":"Point"},"properties":{"portal_id":"31031850"},"type":"Feature"},{"geometry":{"coordinates":[-3.6881472222222222,40.51325277777778],"type":"Point"},"properties":{"portal_id":"31031851"},"type":"Feature"},{"geometry":{"coordinates":[-3.6883111111111115,40.51321388888889],"type":"Point"},"properties":{"portal_id":"31031852"},"type":"Feature"},{"geometry":{"coordinates":[-3.688486111111111,40.51316944444444],"type":"Point"},"properties":{"portal_id":"31031853"},"type":"Feature"},{"geometry":{"coordinates":[-3.6872861111111113,40.513355555555556],"type":"Point"},"properties":{"portal_id":"31031855"},"type":"Feature"},{"geometry":{"coordinates":[-3.59715,40.35871111111111],"type":"Point"},"properties":{"portal_id":"31031932"},"type":"Feature"},{"geometry":{"coordinates":[-3.597091666666667,40.358694444444446],"type":"Point"},"properties":{"portal_id":"31031933"},"type":"Feature"},{"geometry":{"coordinates":[-3.5970194444444448,40.35867777777778],"type":"Point"},"properties":{"portal_id":"31031934"},"type":"Feature"},{"geometry":{"coordinates":[-3.596913888888889,40.35864166666667],"type":"Point"},"properties":{"portal_id":"31031935"},"type":"Feature"},{"geometry":{"coordinates":[-3.5968444444444447,40.358625],"type":"Point"},"properties":{"portal_id":"31031936"},"type":"Feature"},{"geometry":{"coordinates":[-3.5967611111111113,40.35859722222222],"type":"Point"},"properties":{"portal_id":"31031937"},"type":"Feature"},{"geometry":{"coordinates":[-3.596688888888889,40.358580555555555],"type":"Point"},"properties":{"portal_id":"31031938"},"type":"Feature"},{"geometry":{"coordinates":[-3.5985416666666667,40.35748888888889],"type":"Point"},"properties":{"portal_id":"31032265"},"type":"Feature"},{"geometry":{"coordinates":[-3.5984694444444445,40.357461111111114],"type":"Point"},"properties":{"portal_id":"31032266"},"type":"Feature"},{"geometry":{"coordinates":[-3.5983750000000003,40.35742777777778],"type":"Point"},"properties":{"portal_id":"31032267"},"type":"Feature"},{"geometry":{"coordinates":[-3.5983055555555556,40.3574],"type":"Point"},"properties":{"portal_id":"31032268"},"type":"Feature"},{"geometry":{"coordinates":[-3.5981972222222223,40.357372222222224],"type":"Point"},"properties":{"portal_id":"31032269"},"type":"Feature"},{"geometry":{"coordinates":[-3.598116666666667,40.35733888888889],"type":"Point"},"properties":{"portal_id":"31032270"},"type":"Feature"},{"geometry":{"coordinates":[-3.5979750000000004,40.35730277777778],"type":"Point"},"properties":{"portal_id":"31032271"},"type":"Feature"},{"geometry":{"coordinates":[-3.597891666666667,40.357275],"type":"Point"},"properties":{"portal_id":"31032272"},"type":"Feature"},{"geometry":{"coordinates":[-3.5978083333333335,40.35725],"type":"Point"},"properties":{"portal_id":"31032273"},"type":"Feature"},{"geometry":{"coordinates":[-3.597725,40.35722222222223],"type":"Point"},"properties":{"portal_id":"31032274"},"type":"Feature"},{"geometry":{"coordinates":[-3.5856361111111115,40.352222222222224],"type":"Point"},"properties":{"portal_id":"31033103"},"type":"Feature"},{"geometry":{"coordinates":[-3.6080972222222223,40.40128611111111],"type":"Point"},"properties":{"portal_id":"31033303"},"type":"Feature"},{"geometry":{"coordinates":[-3.6083166666666666,40.400844444444445],"type":"Point"},"properties":{"portal_id":"31033304"},"type":"Feature"},{"geometry":{"coordinates":[-3.605141666666667,40.36324722222222],"type":"Point"},"properties":{"portal_id":"31034288"},"type":"Feature"},{"geometry":{"coordinates":[-3.598813888888889,40.357594444444445],"type":"Point"},"properties":{"portal_id":"31035873"},"type":"Feature"},{"geometry":{"coordinates":[-3.5987305555555555,40.35756111111111],"type":"Point"},"properties":{"portal_id":"31035874"},"type":"Feature"},{"geometry":{"coordinates":[-3.5986111111111114,40.35751666666667],"type":"Point"},"properties":{"portal_id":"31035875"},"type":"Feature"},{"geometry":{"coordinates":[-3.59845,40.360641666666666],"type":"Point"},"properties":{"portal_id":"31036028"},"type":"Feature"},{"geometry":{"coordinates":[-3.5990444444444445,40.359855555555555],"type":"Point"},"properties":{"portal_id":"31036029"},"type":"Feature"},{"geometry":{"coordinates":[-3.598055555555556,40.358383333333336],"type":"Point"},"properties":{"portal_id":"31036112"},"type":"Feature"},{"geometry":{"coordinates":[-3.6107583333333335,40.36859722222222],"type":"Point"},"properties":{"portal_id":"31036406"},"type":"Feature"},{"geometry":{"coordinates":[-3.593088888888889,40.357391666666665],"type":"Point"},"properties":{"portal_id":"31037218"},"type":"Feature"},{"geometry":{"coordinates":[-3.593202777777778,40.357102777777776],"type":"Point"},"properties":{"portal_id":"31037219"},"type":"Feature"},{"geometry":{"coordinates":[-3.592941666666667,40.35703055555555],"type":"Point"},"properties":{"portal_id":"31037220"},"type":"Feature"},{"geometry":{"coordinates":[-3.5926833333333335,40.35702222222223],"type":"Point"},"properties":{"portal_id":"31037221"},"type":"Feature"},{"geometry":{"coordinates":[-3.5925333333333334,40.35720555555556],"type":"Point"},"properties":{"portal_id":"31037222"},"type":"Feature"},{"geometry":{"coordinates":[-3.5923694444444445,40.357394444444445],"type":"Point"},"properties":{"portal_id":"31037223"},"type":"Feature"},{"geometry":{"coordinates":[-3.592627777777778,40.35745555555556],"type":"Point"},"properties":{"portal_id":"31037224"},"type":"Feature"},{"geometry":{"coordinates":[-3.7064972222222226,40.41730277777778],"type":"Point"},"properties":{"portal_id":"31037262"},"type":"Feature"},{"geometry":{"coordinates":[-3.7061611111111112,40.41786388888889],"type":"Point"},"properties":{"portal_id":"31037615"},"type":"Feature"},{"geometry":{"coordinates":[-3.6110611111111113,40.491775000000004],"type":"Point"},"properties":{"portal_id":"31039096"},"type":"Feature"},{"geometry":{"coordinates":[-3.613752777777778,40.488175],"type":"Point"},"properties":{"portal_id":"31039250"},"type":"Feature"},{"geometry":{"coordinates":[-3.615,40.48630277777778],"type":"Point"},"properties":{"portal_id":"31039449"},"type":"Feature"},{"geometry":{"coordinates":[-3.616330555555556,40.4849],"type":"Point"},"properties":{"portal_id":"31039456"},"type":"Feature"},{"geometry":{"coordinates":[-3.6137333333333332,40.49507777777778],"type":"Point"},"properties":{"portal_id":"31039664"},"type":"Feature"},{"geometry":{"coordinates":[-3.564788888888889,40.40275],"type":"Point"},"properties":{"portal_id":"31040241"},"type":"Feature"},{"geometry":{"coordinates":[-3.565225,40.40255833333333],"type":"Point"},"properties":{"portal_id":"31040242"},"type":"Feature"},{"geometry":{"coordinates":[-3.5652416666666666,40.40323333333333],"type":"Point"},"properties":{"portal_id":"31040243"},"type":"Feature"},{"geometry":{"coordinates":[-3.5614666666666666,40.398325],"type":"Point"},"properties":{"portal_id":"31040353"},"type":"Feature"},{"geometry":{"coordinates":[-3.5608,40.399074999999996],"type":"Point"},"properties":{"portal_id":"31040355"},"type":"Feature"},{"geometry":{"coordinates":[-3.5520555555555555,40.407558333333334],"type":"Point"},"properties":{"portal_id":"31040385"},"type":"Feature"},{"geometry":{"coordinates":[-3.5510916666666663,40.40790555555555],"type":"Point"},"properties":{"portal_id":"31040386"},"type":"Feature"},{"geometry":{"coordinates":[-3.550486111111111,40.407466666666664],"type":"Point"},"properties":{"portal_id":"31040388"},"type":"Feature"},{"geometry":{"coordinates":[-3.550072222222222,40.40869444444444],"type":"Point"},"properties":{"portal_id":"31040395"},"type":"Feature"},{"geometry":{"coordinates":[-3.5496805555555553,40.408255555555556],"type":"Point"},"properties":{"portal_id":"31040396"},"type":"Feature"},{"geometry":{"coordinates":[-3.5510694444444444,40.406591666666664],"type":"Point"},"properties":{"portal_id":"31040400"},"type":"Feature"},{"geometry":{"coordinates":[-3.5494305555555554,40.40665277777778],"type":"Point"},"properties":{"portal_id":"31040401"},"type":"Feature"},{"geometry":{"coordinates":[-3.552108333333333,40.405575],"type":"Point"},"properties":{"portal_id":"31040406"},"type":"Feature"},{"geometry":{"coordinates":[-3.551544444444444,40.40557777777778],"type":"Point"},"properties":{"portal_id":"31040407"},"type":"Feature"},{"geometry":{"coordinates":[-3.5582805555555552,40.39933055555556],"type":"Point"},"properties":{"portal_id":"31040435"},"type":"Feature"},{"geometry":{"coordinates":[-3.5571611111111108,40.39935277777778],"type":"Point"},"properties":{"portal_id":"31040440"},"type":"Feature"},{"geometry":{"coordinates":[-3.556236111111111,40.40006944444444],"type":"Point"},"properties":{"portal_id":"31040444"},"type":"Feature"},{"geometry":{"coordinates":[-3.5566,40.39859166666667],"type":"Point"},"properties":{"portal_id":"31040445"},"type":"Feature"},{"geometry":{"coordinates":[-3.556258333333333,40.39833888888889],"type":"Point"},"properties":{"portal_id":"31040446"},"type":"Feature"},{"geometry":{"coordinates":[-3.5552666666666664,40.39961388888889],"type":"Point"},"properties":{"portal_id":"31040451"},"type":"Feature"},{"geometry":{"coordinates":[-3.5579083333333332,40.39716111111111],"type":"Point"},"properties":{"portal_id":"31040453"},"type":"Feature"},{"geometry":{"coordinates":[-3.5585694444444442,40.39708611111111],"type":"Point"},"properties":{"portal_id":"31040455"},"type":"Feature"},{"geometry":{"coordinates":[-3.554008333333333,40.39715277777778],"type":"Point"},"properties":{"portal_id":"31040460"},"type":"Feature"},{"geometry":{"coordinates":[-3.5534055555555555,40.39693888888889],"type":"Point"},"properties":{"portal_id":"31040461"},"type":"Feature"},{"geometry":{"coordinates":[-3.5530027777777775,40.39673333333333],"type":"Point"},"properties":{"portal_id":"31040462"},"type":"Feature"},{"geometry":{"coordinates":[-3.551963888888889,40.3979],"type":"Point"},"properties":{"portal_id":"31040472"},"type":"Feature"},{"geometry":{"coordinates":[-3.5504138888888885,40.39571111111111],"type":"Point"},"properties":{"portal_id":"31040479"},"type":"Feature"},{"geometry":{"coordinates":[-3.5503916666666666,40.39449444444445],"type":"Point"},"properties":{"portal_id":"31040485"},"type":"Feature"},{"geometry":{"coordinates":[-3.5485277777777777,40.405655555555555],"type":"Point"},"properties":{"portal_id":"31040506"},"type":"Feature"},{"geometry":{"coordinates":[-3.5485305555555553,40.40614166666666],"type":"Point"},"properties":{"portal_id":"31040507"},"type":"Feature"},{"geometry":{"coordinates":[-3.5462916666666664,40.40156666666667],"type":"Point"},"properties":{"portal_id":"31040521"},"type":"Feature"},{"geometry":{"coordinates":[-3.550497222222222,40.40869166666666],"type":"Point"},"properties":{"portal_id":"31040554"},"type":"Feature"},{"geometry":{"coordinates":[-3.5514611111111107,40.408544444444445],"type":"Point"},"properties":{"portal_id":"31040556"},"type":"Feature"},{"geometry":{"coordinates":[-3.6106194444444446,40.368697222222224],"type":"Point"},"properties":{"portal_id":"31040640"},"type":"Feature"},{"geometry":{"coordinates":[-3.6104777777777777,40.368625],"type":"Point"},"properties":{"portal_id":"31040641"},"type":"Feature"},{"geometry":{"coordinates":[-3.5466444444444445,40.401602777777775],"type":"Point"},"properties":{"portal_id":"31041329"},"type":"Feature"},{"geometry":{"coordinates":[-3.5466444444444445,40.401666666666664],"type":"Point"},"properties":{"portal_id":"31041330"},"type":"Feature"},{"geometry":{"coordinates":[-3.5466444444444445,40.401719444444446],"type":"Point"},"properties":{"portal_id":"31041331"},"type":"Feature"},{"geometry":{"coordinates":[-3.5466444444444445,40.40177222222222],"type":"Point"},"properties":{"portal_id":"31041332"},"type":"Feature"},{"geometry":{"coordinates":[-3.546647222222222,40.40183611111111],"type":"Point"},"properties":{"portal_id":"31041333"},"type":"Feature"},{"geometry":{"coordinates":[-3.546647222222222,40.401891666666664],"type":"Point"},"properties":{"portal_id":"31041334"},"type":"Feature"},{"geometry":{"coordinates":[-3.546647222222222,40.40195277777778],"type":"Point"},"properties":{"portal_id":"31041335"},"type":"Feature"},{"geometry":{"coordinates":[-3.546647222222222,40.402008333333335],"type":"Point"},"properties":{"portal_id":"31041336"},"type":"Feature"},{"geometry":{"coordinates":[-3.5462305555555553,40.40156944444444],"type":"Point"},"properties":{"portal_id":"31041337"},"type":"Feature"},{"geometry":{"coordinates":[-3.54615,40.40156944444444],"type":"Point"},"properties":{"portal_id":"31041338"},"type":"Feature"},{"geometry":{"coordinates":[-3.5460777777777777,40.40156944444444],"type":"Point"},"properties":{"portal_id":"31041339"},"type":"Feature"},{"geometry":{"coordinates":[-3.5460083333333334,40.40156944444444],"type":"Point"},"properties":{"portal_id":"31041340"},"type":"Feature"},{"geometry":{"coordinates":[-3.545936111111111,40.40156944444444],"type":"Point"},"properties":{"portal_id":"31041341"},"type":"Feature"},{"geometry":{"coordinates":[-3.5458666666666665,40.40156944444444],"type":"Point"},"properties":{"portal_id":"31041342"},"type":"Feature"},{"geometry":{"coordinates":[-3.5457944444444442,40.40156944444444],"type":"Point"},"properties":{"portal_id":"31041343"},"type":"Feature"},{"geometry":{"coordinates":[-3.545725,40.40156944444444],"type":"Point"},"properties":{"portal_id":"31041344"},"type":"Feature"},{"geometry":{"coordinates":[-3.545583333333333,40.40157222222222],"type":"Point"},"properties":{"portal_id":"31041346"},"type":"Feature"},{"geometry":{"coordinates":[-3.545513888888889,40.40157222222222],"type":"Point"},"properties":{"portal_id":"31041347"},"type":"Feature"},{"geometry":{"coordinates":[-3.5454416666666666,40.40157222222222],"type":"Point"},"properties":{"portal_id":"31041348"},"type":"Feature"},{"geometry":{"coordinates":[-3.545372222222222,40.40157222222222],"type":"Point"},"properties":{"portal_id":"31041349"},"type":"Feature"},{"geometry":{"coordinates":[-3.5450305555555555,40.40161944444444],"type":"Point"},"properties":{"portal_id":"31041351"},"type":"Feature"},{"geometry":{"coordinates":[-3.5450305555555555,40.40168333333333],"type":"Point"},"properties":{"portal_id":"31041352"},"type":"Feature"},{"geometry":{"coordinates":[-3.5450305555555555,40.40172777777778],"type":"Point"},"properties":{"portal_id":"31041353"},"type":"Feature"},{"geometry":{"coordinates":[-3.5450305555555555,40.40178888888889],"type":"Point"},"properties":{"portal_id":"31041354"},"type":"Feature"},{"geometry":{"coordinates":[-3.5450305555555555,40.40184444444444],"type":"Point"},"properties":{"portal_id":"31041355"},"type":"Feature"},{"geometry":{"coordinates":[-3.545033333333333,40.40190833333333],"type":"Point"},"properties":{"portal_id":"31041356"},"type":"Feature"},{"geometry":{"coordinates":[-3.545033333333333,40.40196111111111],"type":"Point"},"properties":{"portal_id":"31041357"},"type":"Feature"},{"geometry":{"coordinates":[-3.545033333333333,40.40201666666667],"type":"Point"},"properties":{"portal_id":"31041358"},"type":"Feature"},{"geometry":{"coordinates":[-3.546272222222222,40.40210833333333],"type":"Point"},"properties":{"portal_id":"31041360"},"type":"Feature"},{"geometry":{"coordinates":[-3.5462,40.40210833333333],"type":"Point"},"properties":{"portal_id":"31041361"},"type":"Feature"},{"geometry":{"coordinates":[-3.5461305555555556,40.40210833333333],"type":"Point"},"properties":{"portal_id":"31041362"},"type":"Feature"},{"geometry":{"coordinates":[-3.546047222222222,40.40210833333333],"type":"Point"},"properties":{"portal_id":"31041363"},"type":"Feature"},{"geometry":{"coordinates":[-3.5459777777777775,40.40211111111111],"type":"Point"},"properties":{"portal_id":"31041364"},"type":"Feature"},{"geometry":{"coordinates":[-3.5459055555555556,40.40211111111111],"type":"Point"},"properties":{"portal_id":"31041365"},"type":"Feature"},{"geometry":{"coordinates":[-3.545836111111111,40.40211111111111],"type":"Point"},"properties":{"portal_id":"31041366"},"type":"Feature"},{"geometry":{"coordinates":[-3.5457527777777775,40.40211111111111],"type":"Point"},"properties":{"portal_id":"31041367"},"type":"Feature"},{"geometry":{"coordinates":[-3.5456,40.40211111111111],"type":"Point"},"properties":{"portal_id":"31041369"},"type":"Feature"},{"geometry":{"coordinates":[-3.5455277777777776,40.40211111111111],"type":"Point"},"properties":{"portal_id":"31041370"},"type":"Feature"},{"geometry":{"coordinates":[-3.545447222222222,40.40211111111111],"type":"Point"},"properties":{"portal_id":"31041371"},"type":"Feature"},{"geometry":{"coordinates":[-3.545375,40.402113888888884],"type":"Point"},"properties":{"portal_id":"31041372"},"type":"Feature"},{"geometry":{"coordinates":[-3.5462833333333332,40.40226111111111],"type":"Point"},"properties":{"portal_id":"31041374"},"type":"Feature"},{"geometry":{"coordinates":[-3.5462249999999997,40.402252777777775],"type":"Point"},"properties":{"portal_id":"31041375"},"type":"Feature"},{"geometry":{"coordinates":[-3.5461555555555555,40.402252777777775],"type":"Point"},"properties":{"portal_id":"31041376"},"type":"Feature"},{"geometry":{"coordinates":[-3.5460833333333333,40.402252777777775],"type":"Point"},"properties":{"portal_id":"31041377"},"type":"Feature"},{"geometry":{"coordinates":[-3.5460138888888886,40.402252777777775],"type":"Point"},"properties":{"portal_id":"31041378"},"type":"Feature"},{"geometry":{"coordinates":[-3.5459416666666668,40.402255555555556],"type":"Point"},"properties":{"portal_id":"31041379"},"type":"Feature"},{"geometry":{"coordinates":[-3.545872222222222,40.402255555555556],"type":"Point"},"properties":{"portal_id":"31041380"},"type":"Feature"},{"geometry":{"coordinates":[-3.5458,40.402255555555556],"type":"Point"},"properties":{"portal_id":"31041381"},"type":"Feature"},{"geometry":{"coordinates":[-3.5457305555555556,40.402255555555556],"type":"Point"},"properties":{"portal_id":"31041382"},"type":"Feature"},{"geometry":{"coordinates":[-3.5456583333333334,40.402255555555556],"type":"Point"},"properties":{"portal_id":"31041383"},"type":"Feature"},{"geometry":{"coordinates":[-3.54665,40.40231388888889],"type":"Point"},"properties":{"portal_id":"31041388"},"type":"Feature"},{"geometry":{"coordinates":[-3.54665,40.402366666666666],"type":"Point"},"properties":{"portal_id":"31041389"},"type":"Feature"},{"geometry":{"coordinates":[-3.54665,40.40242222222222],"type":"Point"},"properties":{"portal_id":"31041390"},"type":"Feature"},{"geometry":{"coordinates":[-3.546638888888889,40.402474999999995],"type":"Point"},"properties":{"portal_id":"31041391"},"type":"Feature"},{"geometry":{"coordinates":[-3.5466527777777777,40.40253055555556],"type":"Point"},"properties":{"portal_id":"31041392"},"type":"Feature"},{"geometry":{"coordinates":[-3.5466527777777777,40.40258333333333],"type":"Point"},"properties":{"portal_id":"31041393"},"type":"Feature"},{"geometry":{"coordinates":[-3.5466527777777777,40.402630555555554],"type":"Point"},"properties":{"portal_id":"31041394"},"type":"Feature"},{"geometry":{"coordinates":[-3.5463,40.40280277777778],"type":"Point"},"properties":{"portal_id":"31041395"},"type":"Feature"},{"geometry":{"coordinates":[-3.5462305555555553,40.40280277777778],"type":"Point"},"properties":{"portal_id":"31041396"},"type":"Feature"},{"geometry":{"coordinates":[-3.5461694444444443,40.40280277777778],"type":"Point"},"properties":{"portal_id":"31041397"},"type":"Feature"},{"geometry":{"coordinates":[-3.546088888888889,40.40280277777778],"type":"Point"},"properties":{"portal_id":"31041398"},"type":"Feature"},{"geometry":{"coordinates":[-3.5460055555555554,40.40280277777778],"type":"Point"},"properties":{"portal_id":"31041399"},"type":"Feature"},{"geometry":{"coordinates":[-3.545947222222222,40.402794444444446],"type":"Point"},"properties":{"portal_id":"31041400"},"type":"Feature"},{"geometry":{"coordinates":[-3.5458749999999997,40.402794444444446],"type":"Point"},"properties":{"portal_id":"31041401"},"type":"Feature"},{"geometry":{"coordinates":[-3.5458055555555554,40.402794444444446],"type":"Point"},"properties":{"portal_id":"31041402"},"type":"Feature"},{"geometry":{"coordinates":[-3.545736111111111,40.40280555555555],"type":"Point"},"properties":{"portal_id":"31041403"},"type":"Feature"},{"geometry":{"coordinates":[-3.545663888888889,40.40280555555555],"type":"Point"},"properties":{"portal_id":"31041404"},"type":"Feature"},{"geometry":{"coordinates":[-3.6113166666666667,40.36901666666667],"type":"Point"},"properties":{"portal_id":"31041441"},"type":"Feature"},{"geometry":{"coordinates":[-3.611186111111111,40.36895555555556],"type":"Point"},"properties":{"portal_id":"31041442"},"type":"Feature"},{"geometry":{"coordinates":[-3.611197222222222,40.368836111111115],"type":"Point"},"properties":{"portal_id":"31041443"},"type":"Feature"},{"geometry":{"coordinates":[-3.614047222222222,40.48789444444444],"type":"Point"},"properties":{"portal_id":"31041518"},"type":"Feature"},{"geometry":{"coordinates":[-3.5855916666666667,40.36226666666667],"type":"Point"},"properties":{"portal_id":"31041525"},"type":"Feature"},{"geometry":{"coordinates":[-3.6137305555555557,40.494825],"type":"Point"},"properties":{"portal_id":"31042948"},"type":"Feature"},{"geometry":{"coordinates":[-3.6137333333333332,40.49495833333334],"type":"Point"},"properties":{"portal_id":"31042949"},"type":"Feature"},{"geometry":{"coordinates":[-3.613652777777778,40.49525833333333],"type":"Point"},"properties":{"portal_id":"31042950"},"type":"Feature"},{"geometry":{"coordinates":[-3.6135222222222225,40.49525],"type":"Point"},"properties":{"portal_id":"31042951"},"type":"Feature"},{"geometry":{"coordinates":[-3.6133944444444444,40.49523055555556],"type":"Point"},"properties":{"portal_id":"31042952"},"type":"Feature"},{"geometry":{"coordinates":[-3.599013888888889,40.35773888888889],"type":"Point"},"properties":{"portal_id":"31042985"},"type":"Feature"},{"geometry":{"coordinates":[-3.663997222222222,40.38393333333333],"type":"Point"},"properties":{"portal_id":"31043261"},"type":"Feature"},{"geometry":{"coordinates":[-3.6644277777777776,40.383625],"type":"Point"},"properties":{"portal_id":"31043263"},"type":"Feature"},{"geometry":{"coordinates":[-3.6639305555555555,40.384475],"type":"Point"},"properties":{"portal_id":"31043265"},"type":"Feature"},{"geometry":{"coordinates":[-3.613941666666667,40.48801111111111],"type":"Point"},"properties":{"portal_id":"31043292"},"type":"Feature"},{"geometry":{"coordinates":[-3.613847222222222,40.488102777777776],"type":"Point"},"properties":{"portal_id":"31043293"},"type":"Feature"},{"geometry":{"coordinates":[-3.6136694444444446,40.48813055555556],"type":"Point"},"properties":{"portal_id":"31043294"},"type":"Feature"},{"geometry":{"coordinates":[-3.613552777777778,40.48806944444445],"type":"Point"},"properties":{"portal_id":"31043295"},"type":"Feature"},{"geometry":{"coordinates":[-3.6134694444444446,40.488025],"type":"Point"},"properties":{"portal_id":"31043297"},"type":"Feature"},{"geometry":{"coordinates":[-3.613586111111111,40.48784444444445],"type":"Point"},"properties":{"portal_id":"31043298"},"type":"Feature"},{"geometry":{"coordinates":[-3.560047222222222,40.397755555555555],"type":"Point"},"properties":{"portal_id":"31043400"},"type":"Feature"},{"geometry":{"coordinates":[-3.5599999999999996,40.3978],"type":"Point"},"properties":{"portal_id":"31043401"},"type":"Feature"},{"geometry":{"coordinates":[-3.5599527777777777,40.39785277777778],"type":"Point"},"properties":{"portal_id":"31043402"},"type":"Feature"},{"geometry":{"coordinates":[-3.559919444444444,40.3979],"type":"Point"},"properties":{"portal_id":"31043403"},"type":"Feature"},{"geometry":{"coordinates":[-3.559872222222222,40.39794444444444],"type":"Point"},"properties":{"portal_id":"31043404"},"type":"Feature"},{"geometry":{"coordinates":[-3.5598361111111108,40.39798888888889],"type":"Point"},"properties":{"portal_id":"31043405"},"type":"Feature"},{"geometry":{"coordinates":[-3.559788888888889,40.39803611111111],"type":"Point"},"properties":{"portal_id":"31043406"},"type":"Feature"},{"geometry":{"coordinates":[-3.559719444444444,40.39811666666667],"type":"Point"},"properties":{"portal_id":"31043407"},"type":"Feature"},{"geometry":{"coordinates":[-3.559683333333333,40.39816111111111],"type":"Point"},"properties":{"portal_id":"31043408"},"type":"Feature"},{"geometry":{"coordinates":[-3.559638888888889,40.398205555555556],"type":"Point"},"properties":{"portal_id":"31043409"},"type":"Feature"},{"geometry":{"coordinates":[-3.5596027777777777,40.39826111111111],"type":"Point"},"properties":{"portal_id":"31043410"},"type":"Feature"},{"geometry":{"coordinates":[-3.5595555555555554,40.39830555555555],"type":"Point"},"properties":{"portal_id":"31043411"},"type":"Feature"},{"geometry":{"coordinates":[-3.559508333333333,40.398352777777774],"type":"Point"},"properties":{"portal_id":"31043412"},"type":"Feature"},{"geometry":{"coordinates":[-3.559475,40.398405555555556],"type":"Point"},"properties":{"portal_id":"31043413"},"type":"Feature"},{"geometry":{"coordinates":[-3.5594277777777776,40.39844166666666],"type":"Point"},"properties":{"portal_id":"31043414"},"type":"Feature"},{"geometry":{"coordinates":[-3.5602916666666666,40.39757222222222],"type":"Point"},"properties":{"portal_id":"31043415"},"type":"Feature"},{"geometry":{"coordinates":[-3.5603527777777777,40.3976],"type":"Point"},"properties":{"portal_id":"31043416"},"type":"Feature"},{"geometry":{"coordinates":[-3.5604111111111107,40.39762777777778],"type":"Point"},"properties":{"portal_id":"31043417"},"type":"Feature"},{"geometry":{"coordinates":[-3.5604694444444442,40.39765277777778],"type":"Point"},"properties":{"portal_id":"31043418"},"type":"Feature"},{"geometry":{"coordinates":[-3.5605277777777777,40.39768055555555],"type":"Point"},"properties":{"portal_id":"31043419"},"type":"Feature"},{"geometry":{"coordinates":[-3.560588888888889,40.397705555555554],"type":"Point"},"properties":{"portal_id":"31043420"},"type":"Feature"},{"geometry":{"coordinates":[-3.560647222222222,40.397733333333335],"type":"Point"},"properties":{"portal_id":"31043421"},"type":"Feature"},{"geometry":{"coordinates":[-3.5607055555555553,40.39776111111111],"type":"Point"},"properties":{"portal_id":"31043422"},"type":"Feature"},{"geometry":{"coordinates":[-3.5607666666666664,40.39779722222222],"type":"Point"},"properties":{"portal_id":"31043423"},"type":"Feature"},{"geometry":{"coordinates":[-3.5606138888888887,40.398066666666665],"type":"Point"},"properties":{"portal_id":"31043424"},"type":"Feature"},{"geometry":{"coordinates":[-3.560580555555555,40.39811111111111],"type":"Point"},"properties":{"portal_id":"31043425"},"type":"Feature"},{"geometry":{"coordinates":[-3.5605333333333333,40.398158333333335],"type":"Point"},"properties":{"portal_id":"31043426"},"type":"Feature"},{"geometry":{"coordinates":[-3.560497222222222,40.398202777777776],"type":"Point"},"properties":{"portal_id":"31043427"},"type":"Feature"},{"geometry":{"coordinates":[-3.56045,40.398247222222224],"type":"Point"},"properties":{"portal_id":"31043428"},"type":"Feature"},{"geometry":{"coordinates":[-3.5604166666666663,40.398294444444446],"type":"Point"},"properties":{"portal_id":"31043429"},"type":"Feature"},{"geometry":{"coordinates":[-3.5603694444444445,40.39834722222222],"type":"Point"},"properties":{"portal_id":"31043430"},"type":"Feature"},{"geometry":{"coordinates":[-3.560311111111111,40.39841111111111],"type":"Point"},"properties":{"portal_id":"31043431"},"type":"Feature"},{"geometry":{"coordinates":[-3.5602638888888887,40.39846388888889],"type":"Point"},"properties":{"portal_id":"31043432"},"type":"Feature"},{"geometry":{"coordinates":[-3.5602305555555556,40.39851111111111],"type":"Point"},"properties":{"portal_id":"31043433"},"type":"Feature"},{"geometry":{"coordinates":[-3.5601833333333333,40.39854722222222],"type":"Point"},"properties":{"portal_id":"31043434"},"type":"Feature"},{"geometry":{"coordinates":[-3.560147222222222,40.39859166666667],"type":"Point"},"properties":{"portal_id":"31043435"},"type":"Feature"},{"geometry":{"coordinates":[-3.5600527777777775,40.39861111111111],"type":"Point"},"properties":{"portal_id":"31043436"},"type":"Feature"},{"geometry":{"coordinates":[-3.560008333333333,40.39866388888889],"type":"Point"},"properties":{"portal_id":"31043437"},"type":"Feature"},{"geometry":{"coordinates":[-3.559972222222222,40.39870833333333],"type":"Point"},"properties":{"portal_id":"31043438"},"type":"Feature"},{"geometry":{"coordinates":[-3.6129527777777777,40.49474722222222],"type":"Point"},"properties":{"portal_id":"31043525"},"type":"Feature"},{"geometry":{"coordinates":[-3.6128833333333334,40.4949],"type":"Point"},"properties":{"portal_id":"31043526"},"type":"Feature"},{"geometry":{"coordinates":[-3.612825,40.49502777777778],"type":"Point"},"properties":{"portal_id":"31043527"},"type":"Feature"},{"geometry":{"coordinates":[-3.612861111111111,40.49514444444444],"type":"Point"},"properties":{"portal_id":"31043528"},"type":"Feature"},{"geometry":{"coordinates":[-3.61305,40.49518055555556],"type":"Point"},"properties":{"portal_id":"31043529"},"type":"Feature"},{"geometry":{"coordinates":[-3.613191666666667,40.495197222222224],"type":"Point"},"properties":{"portal_id":"31043530"},"type":"Feature"},{"geometry":{"coordinates":[-3.611752777777778,40.36909444444444],"type":"Point"},"properties":{"portal_id":"31043904"},"type":"Feature"},{"geometry":{"coordinates":[-3.611625,40.36917777777778],"type":"Point"},"properties":{"portal_id":"31043905"},"type":"Feature"},{"geometry":{"coordinates":[-3.6114694444444444,40.36910555555556],"type":"Point"},"properties":{"portal_id":"31043906"},"type":"Feature"},{"geometry":{"coordinates":[-3.6641805555555553,40.38596944444444],"type":"Point"},"properties":{"portal_id":"31043930"},"type":"Feature"},{"geometry":{"coordinates":[-3.599311111111111,40.35798888888889],"type":"Point"},"properties":{"portal_id":"31043984"},"type":"Feature"},{"geometry":{"coordinates":[-3.599275,40.3579],"type":"Point"},"properties":{"portal_id":"31043985"},"type":"Feature"},{"geometry":{"coordinates":[-3.59925,40.357844444444446],"type":"Point"},"properties":{"portal_id":"31043986"},"type":"Feature"},{"geometry":{"coordinates":[-3.599155555555556,40.357800000000005],"type":"Point"},"properties":{"portal_id":"31043987"},"type":"Feature"},{"geometry":{"coordinates":[-3.5991083333333336,40.35778333333334],"type":"Point"},"properties":{"portal_id":"31043988"},"type":"Feature"},{"geometry":{"coordinates":[-3.6653805555555556,40.38449444444444],"type":"Point"},"properties":{"portal_id":"31044002"},"type":"Feature"},{"geometry":{"coordinates":[-3.5835083333333335,40.36228611111111],"type":"Point"},"properties":{"portal_id":"31044286"},"type":"Feature"},{"geometry":{"coordinates":[-3.551097222222222,40.40860833333333],"type":"Point"},"properties":{"portal_id":"31044352"},"type":"Feature"},{"geometry":{"coordinates":[-3.551447222222222,40.40827222222222],"type":"Point"},"properties":{"portal_id":"31044355"},"type":"Feature"},{"geometry":{"coordinates":[-3.5517305555555554,40.40827222222222],"type":"Point"},"properties":{"portal_id":"31044356"},"type":"Feature"},{"geometry":{"coordinates":[-3.5517222222222222,40.408541666666665],"type":"Point"},"properties":{"portal_id":"31044357"},"type":"Feature"},{"geometry":{"coordinates":[-3.552061111111111,40.40826944444444],"type":"Point"},"properties":{"portal_id":"31044358"},"type":"Feature"},{"geometry":{"coordinates":[-3.552061111111111,40.40845],"type":"Point"},"properties":{"portal_id":"31044359"},"type":"Feature"},{"geometry":{"coordinates":[-3.5520638888888887,40.40861388888889],"type":"Point"},"properties":{"portal_id":"31044360"},"type":"Feature"},{"geometry":{"coordinates":[-3.5520555555555555,40.407719444444446],"type":"Point"},"properties":{"portal_id":"31044547"},"type":"Feature"},{"geometry":{"coordinates":[-3.552058333333333,40.40791111111111],"type":"Point"},"properties":{"portal_id":"31044548"},"type":"Feature"},{"geometry":{"coordinates":[-3.5517416666666666,40.40801944444444],"type":"Point"},"properties":{"portal_id":"31044549"},"type":"Feature"},{"geometry":{"coordinates":[-3.551458333333333,40.40802222222222],"type":"Point"},"properties":{"portal_id":"31044550"},"type":"Feature"},{"geometry":{"coordinates":[-3.5510888888888887,40.40775277777777],"type":"Point"},"properties":{"portal_id":"31044551"},"type":"Feature"},{"geometry":{"coordinates":[-3.5510888888888887,40.407555555555554],"type":"Point"},"properties":{"portal_id":"31044552"},"type":"Feature"},{"geometry":{"coordinates":[-3.5514083333333333,40.40759722222222],"type":"Point"},"properties":{"portal_id":"31044553"},"type":"Feature"},{"geometry":{"coordinates":[-3.551736111111111,40.40759722222222],"type":"Point"},"properties":{"portal_id":"31044554"},"type":"Feature"},{"geometry":{"coordinates":[-3.6641,40.384861111111114],"type":"Point"},"properties":{"portal_id":"31044745"},"type":"Feature"},{"geometry":{"coordinates":[-3.56465,40.40291111111111],"type":"Point"},"properties":{"portal_id":"31044756"},"type":"Feature"},{"geometry":{"coordinates":[-3.564475,40.403102777777775],"type":"Point"},"properties":{"portal_id":"31044757"},"type":"Feature"},{"geometry":{"coordinates":[-3.565461111111111,40.40269166666666],"type":"Point"},"properties":{"portal_id":"31044758"},"type":"Feature"},{"geometry":{"coordinates":[-3.5651027777777777,40.40339722222222],"type":"Point"},"properties":{"portal_id":"31044759"},"type":"Feature"},{"geometry":{"coordinates":[-3.565383333333333,40.403080555555555],"type":"Point"},"properties":{"portal_id":"31044760"},"type":"Feature"},{"geometry":{"coordinates":[-3.5646444444444443,40.40372222222222],"type":"Point"},"properties":{"portal_id":"31044761"},"type":"Feature"},{"geometry":{"coordinates":[-3.5644194444444444,40.403597222222224],"type":"Point"},"properties":{"portal_id":"31044762"},"type":"Feature"},{"geometry":{"coordinates":[-3.566113888888889,40.403391666666664],"type":"Point"},"properties":{"portal_id":"31044763"},"type":"Feature"},{"geometry":{"coordinates":[-3.5659388888888888,40.40358055555556],"type":"Point"},"properties":{"portal_id":"31044764"},"type":"Feature"},{"geometry":{"coordinates":[-3.5657527777777775,40.40378888888889],"type":"Point"},"properties":{"portal_id":"31044765"},"type":"Feature"},{"geometry":{"coordinates":[-3.565236111111111,40.40402777777778],"type":"Point"},"properties":{"portal_id":"31044766"},"type":"Feature"},{"geometry":{"coordinates":[-3.565025,40.40391111111111],"type":"Point"},"properties":{"portal_id":"31044767"},"type":"Feature"},{"geometry":{"coordinates":[-3.565172222222222,40.40342222222222],"type":"Point"},"properties":{"portal_id":"31044768"},"type":"Feature"},{"geometry":{"coordinates":[-3.565313888888889,40.403277777777774],"type":"Point"},"properties":{"portal_id":"31044769"},"type":"Feature"},{"geometry":{"coordinates":[-3.565452777777778,40.40311666666666],"type":"Point"},"properties":{"portal_id":"31044770"},"type":"Feature"},{"geometry":{"coordinates":[-3.5658749999999997,40.402905555555556],"type":"Point"},"properties":{"portal_id":"31044771"},"type":"Feature"},{"geometry":{"coordinates":[-3.5661361111111107,40.40306666666667],"type":"Point"},"properties":{"portal_id":"31044772"},"type":"Feature"},{"geometry":{"coordinates":[-3.6129944444444444,40.49297222222222],"type":"Point"},"properties":{"portal_id":"31044942"},"type":"Feature"},{"geometry":{"coordinates":[-3.6127944444444444,40.49304444444444],"type":"Point"},"properties":{"portal_id":"31044943"},"type":"Feature"},{"geometry":{"coordinates":[-3.6126305555555556,40.493180555555554],"type":"Point"},"properties":{"portal_id":"31044944"},"type":"Feature"},{"geometry":{"coordinates":[-3.6125722222222225,40.49333611111111],"type":"Point"},"properties":{"portal_id":"31044945"},"type":"Feature"},{"geometry":{"coordinates":[-3.6127972222222224,40.493433333333336],"type":"Point"},"properties":{"portal_id":"31044946"},"type":"Feature"},{"geometry":{"coordinates":[-3.6051944444444444,40.36391388888889],"type":"Point"},"properties":{"portal_id":"31045628"},"type":"Feature"},{"geometry":{"coordinates":[-3.5965944444444444,40.358561111111115],"type":"Point"},"properties":{"portal_id":"31046155"},"type":"Feature"},{"geometry":{"coordinates":[-3.7008083333333337,40.33475277777778],"type":"Point"},"properties":{"portal_id":"31046728"},"type":"Feature"},{"geometry":{"coordinates":[-3.563961111111111,40.40380833333333],"type":"Point"},"properties":{"portal_id":"31047343"},"type":"Feature"},{"geometry":{"coordinates":[-3.5641527777777777,40.40390555555555],"type":"Point"},"properties":{"portal_id":"31047344"},"type":"Feature"},{"geometry":{"coordinates":[-3.5643527777777777,40.40401388888889],"type":"Point"},"properties":{"portal_id":"31047345"},"type":"Feature"},{"geometry":{"coordinates":[-3.5647305555555553,40.40420833333333],"type":"Point"},"properties":{"portal_id":"31047364"},"type":"Feature"},{"geometry":{"coordinates":[-3.5649083333333333,40.40429722222222],"type":"Point"},"properties":{"portal_id":"31047365"},"type":"Feature"},{"geometry":{"coordinates":[-3.565111111111111,40.404405555555556],"type":"Point"},"properties":{"portal_id":"31047366"},"type":"Feature"},{"geometry":{"coordinates":[-3.615525,40.48574166666667],"type":"Point"},"properties":{"portal_id":"31047767"},"type":"Feature"},{"geometry":{"coordinates":[-3.615372222222222,40.485905555555554],"type":"Point"},"properties":{"portal_id":"31047768"},"type":"Feature"},{"geometry":{"coordinates":[-3.615197222222222,40.48609722222222],"type":"Point"},"properties":{"portal_id":"31047769"},"type":"Feature"},{"geometry":{"coordinates":[-3.6148583333333333,40.48645833333333],"type":"Point"},"properties":{"portal_id":"31047770"},"type":"Feature"},{"geometry":{"coordinates":[-3.6150722222222225,40.48666388888889],"type":"Point"},"properties":{"portal_id":"31047771"},"type":"Feature"},{"geometry":{"coordinates":[-3.6154694444444444,40.48623888888889],"type":"Point"},"properties":{"portal_id":"31047772"},"type":"Feature"},{"geometry":{"coordinates":[-3.6158333333333332,40.48585833333333],"type":"Point"},"properties":{"portal_id":"31047773"},"type":"Feature"},{"geometry":{"coordinates":[-3.703752777777778,40.34961666666667],"type":"Point"},"properties":{"portal_id":"31047904"},"type":"Feature"},{"geometry":{"coordinates":[-3.7038972222222224,40.349833333333336],"type":"Point"},"properties":{"portal_id":"31047905"},"type":"Feature"},{"geometry":{"coordinates":[-3.7034277777777778,40.34985277777778],"type":"Point"},"properties":{"portal_id":"31047906"},"type":"Feature"},{"geometry":{"coordinates":[-3.703022222222222,40.34954166666667],"type":"Point"},"properties":{"portal_id":"31047907"},"type":"Feature"},{"geometry":{"coordinates":[-3.7027388888888892,40.34930833333333],"type":"Point"},"properties":{"portal_id":"31047908"},"type":"Feature"},{"geometry":{"coordinates":[-3.584202777777778,40.360822222222225],"type":"Point"},"properties":{"portal_id":"31048030"},"type":"Feature"},{"geometry":{"coordinates":[-3.6912638888888893,40.51331388888889],"type":"Point"},"properties":{"portal_id":"31048189"},"type":"Feature"},{"geometry":{"coordinates":[-3.6910000000000003,40.513080555555554],"type":"Point"},"properties":{"portal_id":"31048190"},"type":"Feature"},{"geometry":{"coordinates":[-3.690752777777778,40.51306388888889],"type":"Point"},"properties":{"portal_id":"31048191"},"type":"Feature"},{"geometry":{"coordinates":[-3.689191666666667,40.51289444444444],"type":"Point"},"properties":{"portal_id":"31048192"},"type":"Feature"},{"geometry":{"coordinates":[-3.6889194444444446,40.512769444444444],"type":"Point"},"properties":{"portal_id":"31048193"},"type":"Feature"},{"geometry":{"coordinates":[-3.6891083333333334,40.51278611111111],"type":"Point"},"properties":{"portal_id":"31048194"},"type":"Feature"},{"geometry":{"coordinates":[-3.6893111111111114,40.51280277777778],"type":"Point"},"properties":{"portal_id":"31048195"},"type":"Feature"},{"geometry":{"coordinates":[-3.6895222222222226,40.512819444444446],"type":"Point"},"properties":{"portal_id":"31048196"},"type":"Feature"},{"geometry":{"coordinates":[-3.6897472222222225,40.5128],"type":"Point"},"properties":{"portal_id":"31048197"},"type":"Feature"},{"geometry":{"coordinates":[-3.689994444444445,40.512816666666666],"type":"Point"},"properties":{"portal_id":"31048198"},"type":"Feature"},{"geometry":{"coordinates":[-3.6901833333333336,40.512861111111114],"type":"Point"},"properties":{"portal_id":"31048199"},"type":"Feature"},{"geometry":{"coordinates":[-3.690386111111111,40.51292222222222],"type":"Point"},"properties":{"portal_id":"31048200"},"type":"Feature"},{"geometry":{"coordinates":[-3.6905750000000004,40.51295],"type":"Point"},"properties":{"portal_id":"31048201"},"type":"Feature"},{"geometry":{"coordinates":[-3.690763888888889,40.512966666666664],"type":"Point"},"properties":{"portal_id":"31048202"},"type":"Feature"},{"geometry":{"coordinates":[-3.6909750000000003,40.51298333333333],"type":"Point"},"properties":{"portal_id":"31048203"},"type":"Feature"},{"geometry":{"coordinates":[-3.691177777777778,40.512991666666665],"type":"Point"},"properties":{"portal_id":"31048204"},"type":"Feature"},{"geometry":{"coordinates":[-3.6906722222222226,40.513352777777776],"type":"Point"},"properties":{"portal_id":"31048205"},"type":"Feature"},{"geometry":{"coordinates":[-3.6904361111111115,40.513263888888886],"type":"Point"},"properties":{"portal_id":"31048206"},"type":"Feature"},{"geometry":{"coordinates":[-3.6902694444444446,40.51320277777778],"type":"Point"},"properties":{"portal_id":"31048207"},"type":"Feature"},{"geometry":{"coordinates":[-3.690127777777778,40.51315833333334],"type":"Point"},"properties":{"portal_id":"31048208"},"type":"Feature"},{"geometry":{"coordinates":[-3.68995,40.513105555555555],"type":"Point"},"properties":{"portal_id":"31048209"},"type":"Feature"},{"geometry":{"coordinates":[-3.6897722222222225,40.51308888888889],"type":"Point"},"properties":{"portal_id":"31048210"},"type":"Feature"},{"geometry":{"coordinates":[-3.6895972222222224,40.513108333333335],"type":"Point"},"properties":{"portal_id":"31048211"},"type":"Feature"},{"geometry":{"coordinates":[-3.689430555555556,40.51313611111111],"type":"Point"},"properties":{"portal_id":"31048212"},"type":"Feature"},{"geometry":{"coordinates":[-3.689219444444445,40.513191666666664],"type":"Point"},"properties":{"portal_id":"31048213"},"type":"Feature"},{"geometry":{"coordinates":[-3.688588888888889,40.512655555555554],"type":"Point"},"properties":{"portal_id":"31048227"},"type":"Feature"},{"geometry":{"coordinates":[-3.6887083333333335,40.51296111111111],"type":"Point"},"properties":{"portal_id":"31048229"},"type":"Feature"},{"geometry":{"coordinates":[-3.6887694444444445,40.513102777777775],"type":"Point"},"properties":{"portal_id":"31048230"},"type":"Feature"},{"geometry":{"coordinates":[-3.689175,40.5124],"type":"Point"},"properties":{"portal_id":"31048241"},"type":"Feature"},{"geometry":{"coordinates":[-3.6893638888888893,40.51241666666667],"type":"Point"},"properties":{"portal_id":"31048242"},"type":"Feature"},{"geometry":{"coordinates":[-3.689577777777778,40.512433333333334],"type":"Point"},"properties":{"portal_id":"31048243"},"type":"Feature"},{"geometry":{"coordinates":[-3.689802777777778,40.512458333333335],"type":"Point"},"properties":{"portal_id":"31048244"},"type":"Feature"},{"geometry":{"coordinates":[-3.690027777777778,40.512475],"type":"Point"},"properties":{"portal_id":"31048245"},"type":"Feature"},{"geometry":{"coordinates":[-3.690438888888889,40.51251666666667],"type":"Point"},"properties":{"portal_id":"31048246"},"type":"Feature"},{"geometry":{"coordinates":[-3.690238888888889,40.51249166666667],"type":"Point"},"properties":{"portal_id":"31048247"},"type":"Feature"},{"geometry":{"coordinates":[-3.690641666666667,40.51253333333333],"type":"Point"},"properties":{"portal_id":"31048248"},"type":"Feature"},{"geometry":{"coordinates":[-3.690805555555556,40.512541666666664],"type":"Point"},"properties":{"portal_id":"31048249"},"type":"Feature"},{"geometry":{"coordinates":[-3.691030555555556,40.512566666666665],"type":"Point"},"properties":{"portal_id":"31048250"},"type":"Feature"},{"geometry":{"coordinates":[-3.691230555555556,40.51258611111111],"type":"Point"},"properties":{"portal_id":"31048251"},"type":"Feature"},{"geometry":{"coordinates":[-3.664744444444444,40.38446111111111],"type":"Point"},"properties":{"portal_id":"31048475"},"type":"Feature"},{"geometry":{"coordinates":[-3.6871083333333337,40.513286111111114],"type":"Point"},"properties":{"portal_id":"31048476"},"type":"Feature"},{"geometry":{"coordinates":[-3.686919444444445,40.51325],"type":"Point"},"properties":{"portal_id":"31048477"},"type":"Feature"},{"geometry":{"coordinates":[-3.686725,40.51287222222222],"type":"Point"},"properties":{"portal_id":"31048478"},"type":"Feature"},{"geometry":{"coordinates":[-3.6867833333333335,40.51271944444444],"type":"Point"},"properties":{"portal_id":"31048479"},"type":"Feature"},{"geometry":{"coordinates":[-3.6869694444444447,40.51256388888889],"type":"Point"},"properties":{"portal_id":"31048480"},"type":"Feature"},{"geometry":{"coordinates":[-3.687027777777778,40.512394444444446],"type":"Point"},"properties":{"portal_id":"31048481"},"type":"Feature"},{"geometry":{"coordinates":[-3.6869583333333336,40.512458333333335],"type":"Point"},"properties":{"portal_id":"31048482"},"type":"Feature"},{"geometry":{"coordinates":[-3.686863888888889,40.51255555555556],"type":"Point"},"properties":{"portal_id":"31048483"},"type":"Feature"},{"geometry":{"coordinates":[-3.6867472222222224,40.51264722222222],"type":"Point"},"properties":{"portal_id":"31048484"},"type":"Feature"},{"geometry":{"coordinates":[-3.6866527777777782,40.51276388888889],"type":"Point"},"properties":{"portal_id":"31048485"},"type":"Feature"},{"geometry":{"coordinates":[-3.6866194444444447,40.51291944444444],"type":"Point"},"properties":{"portal_id":"31048486"},"type":"Feature"},{"geometry":{"coordinates":[-3.6866333333333334,40.513044444444446],"type":"Point"},"properties":{"portal_id":"31048487"},"type":"Feature"},{"geometry":{"coordinates":[-3.6866444444444446,40.51314444444444],"type":"Point"},"properties":{"portal_id":"31048488"},"type":"Feature"},{"geometry":{"coordinates":[-3.6866805555555557,40.513216666666665],"type":"Point"},"properties":{"portal_id":"31048489"},"type":"Feature"},{"geometry":{"coordinates":[-3.686777777777778,40.51326944444445],"type":"Point"},"properties":{"portal_id":"31048490"},"type":"Feature"},{"geometry":{"coordinates":[-3.6869305555555556,40.51331388888889],"type":"Point"},"properties":{"portal_id":"31048491"},"type":"Feature"},{"geometry":{"coordinates":[-3.6870833333333337,40.51334722222222],"type":"Point"},"properties":{"portal_id":"31048492"},"type":"Feature"},{"geometry":{"coordinates":[-3.584688888888889,40.361380555555556],"type":"Point"},"properties":{"portal_id":"31048854"},"type":"Feature"},{"geometry":{"coordinates":[-3.584725,40.361325],"type":"Point"},"properties":{"portal_id":"31048855"},"type":"Feature"},{"geometry":{"coordinates":[-3.5847722222222225,40.36121666666667],"type":"Point"},"properties":{"portal_id":"31048857"},"type":"Feature"},{"geometry":{"coordinates":[-3.5847944444444444,40.36117222222222],"type":"Point"},"properties":{"portal_id":"31048858"},"type":"Feature"},{"geometry":{"coordinates":[-3.687227777777778,40.512455555555555],"type":"Point"},"properties":{"portal_id":"31049938"},"type":"Feature"},{"geometry":{"coordinates":[-3.6871583333333335,40.51241111111111],"type":"Point"},"properties":{"portal_id":"31049939"},"type":"Feature"},{"geometry":{"coordinates":[-3.584061111111111,40.360994444444444],"type":"Point"},"properties":{"portal_id":"31050456"},"type":"Feature"},{"geometry":{"coordinates":[-3.6136583333333334,40.49316666666667],"type":"Point"},"properties":{"portal_id":"31050576"},"type":"Feature"},{"geometry":{"coordinates":[-3.6136583333333334,40.49328333333334],"type":"Point"},"properties":{"portal_id":"31050577"},"type":"Feature"},{"geometry":{"coordinates":[-3.6136472222222222,40.49339166666667],"type":"Point"},"properties":{"portal_id":"31050578"},"type":"Feature"},{"geometry":{"coordinates":[-3.6136500000000003,40.49349166666667],"type":"Point"},"properties":{"portal_id":"31050579"},"type":"Feature"},{"geometry":{"coordinates":[-3.613588888888889,40.493544444444446],"type":"Point"},"properties":{"portal_id":"31050580"},"type":"Feature"},{"geometry":{"coordinates":[-3.613413888888889,40.493519444444445],"type":"Point"},"properties":{"portal_id":"31050581"},"type":"Feature"},{"geometry":{"coordinates":[-3.6132833333333334,40.49348333333334],"type":"Point"},"properties":{"portal_id":"31050582"},"type":"Feature"},{"geometry":{"coordinates":[-3.7029555555555556,40.349919444444446],"type":"Point"},"properties":{"portal_id":"31050671"},"type":"Feature"},{"geometry":{"coordinates":[-3.585627777777778,40.36220277777778],"type":"Point"},"properties":{"portal_id":"31051353"},"type":"Feature"},{"geometry":{"coordinates":[-3.5856500000000002,40.36215833333333],"type":"Point"},"properties":{"portal_id":"31051354"},"type":"Feature"},{"geometry":{"coordinates":[-3.5856861111111114,40.362094444444445],"type":"Point"},"properties":{"portal_id":"31051355"},"type":"Feature"},{"geometry":{"coordinates":[-3.5857194444444445,40.36204166666667],"type":"Point"},"properties":{"portal_id":"31051356"},"type":"Feature"},{"geometry":{"coordinates":[-3.5857555555555556,40.36197777777778],"type":"Point"},"properties":{"portal_id":"31051357"},"type":"Feature"},{"geometry":{"coordinates":[-3.585777777777778,40.361925],"type":"Point"},"properties":{"portal_id":"31051358"},"type":"Feature"},{"geometry":{"coordinates":[-3.583563888888889,40.361916666666666],"type":"Point"},"properties":{"portal_id":"31051465"},"type":"Feature"},{"geometry":{"coordinates":[-3.5835055555555555,40.362008333333335],"type":"Point"},"properties":{"portal_id":"31051466"},"type":"Feature"},{"geometry":{"coordinates":[-3.5834583333333336,40.36208888888889],"type":"Point"},"properties":{"portal_id":"31051467"},"type":"Feature"},{"geometry":{"coordinates":[-3.6910083333333334,40.510333333333335],"type":"Point"},"properties":{"portal_id":"31052096"},"type":"Feature"},{"geometry":{"coordinates":[-3.6909138888888893,40.51045277777778],"type":"Point"},"properties":{"portal_id":"31052097"},"type":"Feature"},{"geometry":{"coordinates":[-3.6908222222222227,40.51056111111111],"type":"Point"},"properties":{"portal_id":"31052098"},"type":"Feature"},{"geometry":{"coordinates":[-3.6907055555555557,40.51069722222222],"type":"Point"},"properties":{"portal_id":"31052099"},"type":"Feature"},{"geometry":{"coordinates":[-3.6906111111111115,40.51081388888889],"type":"Point"},"properties":{"portal_id":"31052100"},"type":"Feature"},{"geometry":{"coordinates":[-3.6905305555555556,40.510913888888886],"type":"Point"},"properties":{"portal_id":"31052101"},"type":"Feature"},{"geometry":{"coordinates":[-3.5973027777777777,40.358755555555554],"type":"Point"},"properties":{"portal_id":"31052252"},"type":"Feature"},{"geometry":{"coordinates":[-3.603163888888889,40.362275000000004],"type":"Point"},"properties":{"portal_id":"31052545"},"type":"Feature"},{"geometry":{"coordinates":[-3.6031055555555556,40.36225],"type":"Point"},"properties":{"portal_id":"31052546"},"type":"Feature"},{"geometry":{"coordinates":[-3.5520361111111107,40.406594444444444],"type":"Point"},"properties":{"portal_id":"31052590"},"type":"Feature"},{"geometry":{"coordinates":[-3.5520361111111107,40.40676666666666],"type":"Point"},"properties":{"portal_id":"31052591"},"type":"Feature"},{"geometry":{"coordinates":[-3.5520388888888887,40.4069],"type":"Point"},"properties":{"portal_id":"31052592"},"type":"Feature"},{"geometry":{"coordinates":[-3.5520388888888887,40.40702777777778],"type":"Point"},"properties":{"portal_id":"31052593"},"type":"Feature"},{"geometry":{"coordinates":[-3.5517805555555553,40.407019444444444],"type":"Point"},"properties":{"portal_id":"31052594"},"type":"Feature"},{"geometry":{"coordinates":[-3.5515916666666665,40.407019444444444],"type":"Point"},"properties":{"portal_id":"31052595"},"type":"Feature"},{"geometry":{"coordinates":[-3.5514249999999996,40.407022222222224],"type":"Point"},"properties":{"portal_id":"31052596"},"type":"Feature"},{"geometry":{"coordinates":[-3.5513638888888885,40.406616666666665],"type":"Point"},"properties":{"portal_id":"31052597"},"type":"Feature"},{"geometry":{"coordinates":[-3.551552777777778,40.406613888888884],"type":"Point"},"properties":{"portal_id":"31052598"},"type":"Feature"},{"geometry":{"coordinates":[-3.551727777777778,40.406613888888884],"type":"Point"},"properties":{"portal_id":"31052599"},"type":"Feature"},{"geometry":{"coordinates":[-3.5611277777777777,40.39870277777778],"type":"Point"},"properties":{"portal_id":"31052748"},"type":"Feature"},{"geometry":{"coordinates":[-3.5610916666666665,40.39875],"type":"Point"},"properties":{"portal_id":"31052749"},"type":"Feature"},{"geometry":{"coordinates":[-3.5610444444444442,40.39879444444444],"type":"Point"},"properties":{"portal_id":"31052750"},"type":"Feature"},{"geometry":{"coordinates":[-3.561011111111111,40.39883888888889],"type":"Point"},"properties":{"portal_id":"31052751"},"type":"Feature"},{"geometry":{"coordinates":[-3.560963888888889,40.39888611111111],"type":"Point"},"properties":{"portal_id":"31052752"},"type":"Feature"},{"geometry":{"coordinates":[-3.5609277777777777,40.398938888888885],"type":"Point"},"properties":{"portal_id":"31052753"},"type":"Feature"},{"geometry":{"coordinates":[-3.5608805555555554,40.398983333333334],"type":"Point"},"properties":{"portal_id":"31052754"},"type":"Feature"},{"geometry":{"coordinates":[-3.560836111111111,40.399030555555555],"type":"Point"},"properties":{"portal_id":"31052755"},"type":"Feature"},{"geometry":{"coordinates":[-3.5607527777777777,40.399119444444445],"type":"Point"},"properties":{"portal_id":"31052756"},"type":"Feature"},{"geometry":{"coordinates":[-3.560547222222222,40.3984],"type":"Point"},"properties":{"portal_id":"31052757"},"type":"Feature"},{"geometry":{"coordinates":[-3.5604999999999998,40.39845555555556],"type":"Point"},"properties":{"portal_id":"31052758"},"type":"Feature"},{"geometry":{"coordinates":[-3.5604527777777775,40.3985],"type":"Point"},"properties":{"portal_id":"31052759"},"type":"Feature"},{"geometry":{"coordinates":[-3.5604194444444444,40.398555555555554],"type":"Point"},"properties":{"portal_id":"31052760"},"type":"Feature"},{"geometry":{"coordinates":[-3.560361111111111,40.398608333333335],"type":"Point"},"properties":{"portal_id":"31052761"},"type":"Feature"},{"geometry":{"coordinates":[-3.5603138888888886,40.39866388888889],"type":"Point"},"properties":{"portal_id":"31052762"},"type":"Feature"},{"geometry":{"coordinates":[-3.5603249999999997,40.39873611111111],"type":"Point"},"properties":{"portal_id":"31052763"},"type":"Feature"},{"geometry":{"coordinates":[-3.5602777777777774,40.39878888888889],"type":"Point"},"properties":{"portal_id":"31052764"},"type":"Feature"},{"geometry":{"coordinates":[-3.560233333333333,40.39884444444444],"type":"Point"},"properties":{"portal_id":"31052765"},"type":"Feature"},{"geometry":{"coordinates":[-3.6030472222222225,40.36221388888889],"type":"Point"},"properties":{"portal_id":"31052842"},"type":"Feature"},{"geometry":{"coordinates":[-3.603,40.362186111111114],"type":"Point"},"properties":{"portal_id":"31052843"},"type":"Feature"},{"geometry":{"coordinates":[-3.602927777777778,40.362141666666666],"type":"Point"},"properties":{"portal_id":"31052844"},"type":"Feature"},{"geometry":{"coordinates":[-3.6028583333333333,40.36210555555556],"type":"Point"},"properties":{"portal_id":"31052845"},"type":"Feature"},{"geometry":{"coordinates":[-3.6028083333333334,40.36206111111111],"type":"Point"},"properties":{"portal_id":"31052846"},"type":"Feature"},{"geometry":{"coordinates":[-3.602738888888889,40.362025],"type":"Point"},"properties":{"portal_id":"31052847"},"type":"Feature"},{"geometry":{"coordinates":[-3.602666666666667,40.36198888888889],"type":"Point"},"properties":{"portal_id":"31052848"},"type":"Feature"},{"geometry":{"coordinates":[-3.602291666666667,40.362027777777776],"type":"Point"},"properties":{"portal_id":"31052849"},"type":"Feature"},{"geometry":{"coordinates":[-3.602561111111111,40.36199166666667],"type":"Point"},"properties":{"portal_id":"31052850"},"type":"Feature"},{"geometry":{"coordinates":[-3.609097222222222,40.40125277777778],"type":"Point"},"properties":{"portal_id":"31053668"},"type":"Feature"},{"geometry":{"coordinates":[-3.7036111111111114,40.34933055555556],"type":"Point"},"properties":{"portal_id":"31053700"},"type":"Feature"},{"geometry":{"coordinates":[-3.703525,40.34920277777778],"type":"Point"},"properties":{"portal_id":"31053701"},"type":"Feature"},{"geometry":{"coordinates":[-3.703430555555556,40.34908888888889],"type":"Point"},"properties":{"portal_id":"31053702"},"type":"Feature"},{"geometry":{"coordinates":[-3.7033472222222223,40.34897222222222],"type":"Point"},"properties":{"portal_id":"31053703"},"type":"Feature"},{"geometry":{"coordinates":[-3.6115833333333334,40.49086388888889],"type":"Point"},"properties":{"portal_id":"31053708"},"type":"Feature"},{"geometry":{"coordinates":[-3.6111444444444447,40.49059444444445],"type":"Point"},"properties":{"portal_id":"31053709"},"type":"Feature"},{"geometry":{"coordinates":[-3.6112305555555557,40.49086388888889],"type":"Point"},"properties":{"portal_id":"31053710"},"type":"Feature"},{"geometry":{"coordinates":[-3.608983333333333,40.401525],"type":"Point"},"properties":{"portal_id":"31053741"},"type":"Feature"},{"geometry":{"coordinates":[-3.6087944444444444,40.401427777777776],"type":"Point"},"properties":{"portal_id":"31053742"},"type":"Feature"},{"geometry":{"coordinates":[-3.6088722222222223,40.401155555555555],"type":"Point"},"properties":{"portal_id":"31053743"},"type":"Feature"},{"geometry":{"coordinates":[-3.696752777777778,40.33516388888889],"type":"Point"},"properties":{"portal_id":"31054055"},"type":"Feature"},{"geometry":{"coordinates":[-3.6967361111111114,40.33465833333334],"type":"Point"},"properties":{"portal_id":"31054056"},"type":"Feature"},{"geometry":{"coordinates":[-3.6967194444444447,40.33425277777778],"type":"Point"},"properties":{"portal_id":"31054057"},"type":"Feature"},{"geometry":{"coordinates":[-3.586691666666667,40.36270277777778],"type":"Point"},"properties":{"portal_id":"31054329"},"type":"Feature"},{"geometry":{"coordinates":[-3.5865722222222223,40.36259444444445],"type":"Point"},"properties":{"portal_id":"31054330"},"type":"Feature"},{"geometry":{"coordinates":[-3.586641666666667,40.362494444444444],"type":"Point"},"properties":{"portal_id":"31054331"},"type":"Feature"},{"geometry":{"coordinates":[-3.5571805555555556,40.398894444444444],"type":"Point"},"properties":{"portal_id":"31054922"},"type":"Feature"},{"geometry":{"coordinates":[-3.604591666666667,40.362519444444445],"type":"Point"},"properties":{"portal_id":"31054989"},"type":"Feature"},{"geometry":{"coordinates":[-3.5503194444444444,40.39571111111111],"type":"Point"},"properties":{"portal_id":"31055028"},"type":"Feature"},{"geometry":{"coordinates":[-3.5502499999999997,40.39571111111111],"type":"Point"},"properties":{"portal_id":"31055029"},"type":"Feature"},{"geometry":{"coordinates":[-3.5501666666666667,40.39571111111111],"type":"Point"},"properties":{"portal_id":"31055030"},"type":"Feature"},{"geometry":{"coordinates":[-3.550097222222222,40.39571111111111],"type":"Point"},"properties":{"portal_id":"31055031"},"type":"Feature"},{"geometry":{"coordinates":[-3.5500138888888886,40.39571111111111],"type":"Point"},"properties":{"portal_id":"31055032"},"type":"Feature"},{"geometry":{"coordinates":[-3.5499305555555556,40.395713888888885],"type":"Point"},"properties":{"portal_id":"31055033"},"type":"Feature"},{"geometry":{"coordinates":[-3.549861111111111,40.395713888888885],"type":"Point"},"properties":{"portal_id":"31055034"},"type":"Feature"},{"geometry":{"coordinates":[-3.5497777777777775,40.395713888888885],"type":"Point"},"properties":{"portal_id":"31055035"},"type":"Feature"},{"geometry":{"coordinates":[-3.5497277777777776,40.3952],"type":"Point"},"properties":{"portal_id":"31055036"},"type":"Feature"},{"geometry":{"coordinates":[-3.5497277777777776,40.395272222222225],"type":"Point"},"properties":{"portal_id":"31055037"},"type":"Feature"},{"geometry":{"coordinates":[-3.5497277777777776,40.395325],"type":"Point"},"properties":{"portal_id":"31055038"},"type":"Feature"},{"geometry":{"coordinates":[-3.5497277777777776,40.395380555555555],"type":"Point"},"properties":{"portal_id":"31055039"},"type":"Feature"},{"geometry":{"coordinates":[-3.5497277777777776,40.39544444444444],"type":"Point"},"properties":{"portal_id":"31055040"},"type":"Feature"},{"geometry":{"coordinates":[-3.5504333333333333,40.39519722222222],"type":"Point"},"properties":{"portal_id":"31055041"},"type":"Feature"},{"geometry":{"coordinates":[-3.5504333333333333,40.39525],"type":"Point"},"properties":{"portal_id":"31055042"},"type":"Feature"},{"geometry":{"coordinates":[-3.5504333333333333,40.39530555555555],"type":"Point"},"properties":{"portal_id":"31055043"},"type":"Feature"},{"geometry":{"coordinates":[-3.550436111111111,40.395358333333334],"type":"Point"},"properties":{"portal_id":"31055044"},"type":"Feature"},{"geometry":{"coordinates":[-3.550436111111111,40.39542222222222],"type":"Point"},"properties":{"portal_id":"31055045"},"type":"Feature"},{"geometry":{"coordinates":[-3.6027583333333335,40.362772222222226],"type":"Point"},"properties":{"portal_id":"31055073"},"type":"Feature"},{"geometry":{"coordinates":[-3.6102166666666666,40.3686],"type":"Point"},"properties":{"portal_id":"31055158"},"type":"Feature"},{"geometry":{"coordinates":[-3.603902777777778,40.36176666666667],"type":"Point"},"properties":{"portal_id":"31055179"},"type":"Feature"},{"geometry":{"coordinates":[-3.605011111111111,40.362030555555556],"type":"Point"},"properties":{"portal_id":"31055180"},"type":"Feature"},{"geometry":{"coordinates":[-3.604941666666667,40.362005555555555],"type":"Point"},"properties":{"portal_id":"31055181"},"type":"Feature"},{"geometry":{"coordinates":[-3.604880555555556,40.36196944444445],"type":"Point"},"properties":{"portal_id":"31055182"},"type":"Feature"},{"geometry":{"coordinates":[-3.6048,40.36193333333333],"type":"Point"},"properties":{"portal_id":"31055183"},"type":"Feature"},{"geometry":{"coordinates":[-3.6046916666666666,40.361872222222225],"type":"Point"},"properties":{"portal_id":"31055184"},"type":"Feature"},{"geometry":{"coordinates":[-3.6046083333333336,40.36183611111111],"type":"Point"},"properties":{"portal_id":"31055185"},"type":"Feature"},{"geometry":{"coordinates":[-3.604538888888889,40.3618],"type":"Point"},"properties":{"portal_id":"31055186"},"type":"Feature"},{"geometry":{"coordinates":[-3.6044666666666667,40.36176388888889],"type":"Point"},"properties":{"portal_id":"31055187"},"type":"Feature"},{"geometry":{"coordinates":[-3.6043972222222225,40.36173888888889],"type":"Point"},"properties":{"portal_id":"31055188"},"type":"Feature"},{"geometry":{"coordinates":[-3.604277777777778,40.36174722222222],"type":"Point"},"properties":{"portal_id":"31055189"},"type":"Feature"},{"geometry":{"coordinates":[-3.60415,40.36174722222222],"type":"Point"},"properties":{"portal_id":"31055190"},"type":"Feature"},{"geometry":{"coordinates":[-3.6045333333333334,40.362494444444444],"type":"Point"},"properties":{"portal_id":"31055191"},"type":"Feature"},{"geometry":{"coordinates":[-3.604461111111111,40.362458333333336],"type":"Point"},"properties":{"portal_id":"31055192"},"type":"Feature"},{"geometry":{"coordinates":[-3.604402777777778,40.36242222222222],"type":"Point"},"properties":{"portal_id":"31055193"},"type":"Feature"},{"geometry":{"coordinates":[-3.604330555555556,40.36239444444445],"type":"Point"},"properties":{"portal_id":"31055194"},"type":"Feature"},{"geometry":{"coordinates":[-3.604261111111111,40.36236111111111],"type":"Point"},"properties":{"portal_id":"31055195"},"type":"Feature"},{"geometry":{"coordinates":[-3.6041777777777777,40.362316666666665],"type":"Point"},"properties":{"portal_id":"31055196"},"type":"Feature"},{"geometry":{"coordinates":[-3.6040833333333335,40.362272222222224],"type":"Point"},"properties":{"portal_id":"31055197"},"type":"Feature"},{"geometry":{"coordinates":[-3.603988888888889,40.362225],"type":"Point"},"properties":{"portal_id":"31055198"},"type":"Feature"},{"geometry":{"coordinates":[-3.603930555555556,40.36219166666667],"type":"Point"},"properties":{"portal_id":"31055199"},"type":"Feature"},{"geometry":{"coordinates":[-3.6038583333333336,40.36215555555556],"type":"Point"},"properties":{"portal_id":"31055200"},"type":"Feature"},{"geometry":{"coordinates":[-3.6038,40.36212777777778],"type":"Point"},"properties":{"portal_id":"31055201"},"type":"Feature"},{"geometry":{"coordinates":[-3.603727777777778,40.36210277777778],"type":"Point"},"properties":{"portal_id":"31055202"},"type":"Feature"},{"geometry":{"coordinates":[-3.6036694444444444,40.36206666666667],"type":"Point"},"properties":{"portal_id":"31055203"},"type":"Feature"},{"geometry":{"coordinates":[-3.603597222222222,40.362030555555556],"type":"Point"},"properties":{"portal_id":"31055204"},"type":"Feature"},{"geometry":{"coordinates":[-3.603527777777778,40.36199444444445],"type":"Point"},"properties":{"portal_id":"31055205"},"type":"Feature"},{"geometry":{"coordinates":[-3.6034222222222225,40.36194166666667],"type":"Point"},"properties":{"portal_id":"31055206"},"type":"Feature"},{"geometry":{"coordinates":[-3.6738916666666666,40.50089444444444],"type":"Point"},"properties":{"portal_id":"31055412"},"type":"Feature"},{"geometry":{"coordinates":[-3.60465,40.363708333333335],"type":"Point"},"properties":{"portal_id":"31055729"},"type":"Feature"},{"geometry":{"coordinates":[-3.604591666666667,40.363675],"type":"Point"},"properties":{"portal_id":"31055866"},"type":"Feature"},{"geometry":{"coordinates":[-3.6044972222222222,40.36362777777778],"type":"Point"},"properties":{"portal_id":"31055867"},"type":"Feature"},{"geometry":{"coordinates":[-3.604413888888889,40.36358333333334],"type":"Point"},"properties":{"portal_id":"31055868"},"type":"Feature"},{"geometry":{"coordinates":[-3.6043416666666666,40.363550000000004],"type":"Point"},"properties":{"portal_id":"31055869"},"type":"Feature"},{"geometry":{"coordinates":[-3.6042722222222223,40.36351388888889],"type":"Point"},"properties":{"portal_id":"31055870"},"type":"Feature"},{"geometry":{"coordinates":[-3.6042,40.36347777777778],"type":"Point"},"properties":{"portal_id":"31055871"},"type":"Feature"},{"geometry":{"coordinates":[-3.6041166666666666,40.36344166666667],"type":"Point"},"properties":{"portal_id":"31055872"},"type":"Feature"},{"geometry":{"coordinates":[-3.6040222222222225,40.363397222222225],"type":"Point"},"properties":{"portal_id":"31055873"},"type":"Feature"},{"geometry":{"coordinates":[-3.603952777777778,40.36336111111111],"type":"Point"},"properties":{"portal_id":"31055874"},"type":"Feature"},{"geometry":{"coordinates":[-3.6038916666666667,40.363325],"type":"Point"},"properties":{"portal_id":"31055875"},"type":"Feature"},{"geometry":{"coordinates":[-3.603833333333333,40.3633],"type":"Point"},"properties":{"portal_id":"31055876"},"type":"Feature"},{"geometry":{"coordinates":[-3.6037611111111114,40.36326388888889],"type":"Point"},"properties":{"portal_id":"31055877"},"type":"Feature"},{"geometry":{"coordinates":[-3.6036916666666667,40.36322777777778],"type":"Point"},"properties":{"portal_id":"31055878"},"type":"Feature"},{"geometry":{"coordinates":[-3.6035861111111114,40.363175],"type":"Point"},"properties":{"portal_id":"31055879"},"type":"Feature"},{"geometry":{"coordinates":[-3.6649777777777777,40.38429722222222],"type":"Point"},"properties":{"portal_id":"31055896"},"type":"Feature"},{"geometry":{"coordinates":[-3.5504166666666666,40.407466666666664],"type":"Point"},"properties":{"portal_id":"31056006"},"type":"Feature"},{"geometry":{"coordinates":[-3.550358333333333,40.407466666666664],"type":"Point"},"properties":{"portal_id":"31056007"},"type":"Feature"},{"geometry":{"coordinates":[-3.550286111111111,40.407466666666664],"type":"Point"},"properties":{"portal_id":"31056008"},"type":"Feature"},{"geometry":{"coordinates":[-3.5502166666666666,40.407469444444445],"type":"Point"},"properties":{"portal_id":"31056009"},"type":"Feature"},{"geometry":{"coordinates":[-3.550133333333333,40.407469444444445],"type":"Point"},"properties":{"portal_id":"31056010"},"type":"Feature"},{"geometry":{"coordinates":[-3.550525,40.407691666666665],"type":"Point"},"properties":{"portal_id":"31056011"},"type":"Feature"},{"geometry":{"coordinates":[-3.550525,40.40774722222222],"type":"Point"},"properties":{"portal_id":"31056012"},"type":"Feature"},{"geometry":{"coordinates":[-3.5505138888888887,40.4078],"type":"Point"},"properties":{"portal_id":"31056013"},"type":"Feature"},{"geometry":{"coordinates":[-3.5505138888888887,40.40785555555556],"type":"Point"},"properties":{"portal_id":"31056014"},"type":"Feature"},{"geometry":{"coordinates":[-3.5505138888888887,40.407980555555554],"type":"Point"},"properties":{"portal_id":"31056016"},"type":"Feature"},{"geometry":{"coordinates":[-3.6646972222222223,40.38465],"type":"Point"},"properties":{"portal_id":"31056028"},"type":"Feature"},{"geometry":{"coordinates":[-3.6118805555555555,40.36895],"type":"Point"},"properties":{"portal_id":"31056210"},"type":"Feature"},{"geometry":{"coordinates":[-3.6119611111111114,40.36877777777778],"type":"Point"},"properties":{"portal_id":"31056211"},"type":"Feature"},{"geometry":{"coordinates":[-3.6117861111111114,40.36868888888889],"type":"Point"},"properties":{"portal_id":"31056212"},"type":"Feature"},{"geometry":{"coordinates":[-3.6644,40.384191666666666],"type":"Point"},"properties":{"portal_id":"31056236"},"type":"Feature"},{"geometry":{"coordinates":[-3.548208333333333,40.405594444444446],"type":"Point"},"properties":{"portal_id":"31056320"},"type":"Feature"},{"geometry":{"coordinates":[-3.548161111111111,40.405594444444446],"type":"Point"},"properties":{"portal_id":"31056321"},"type":"Feature"},{"geometry":{"coordinates":[-3.548102777777778,40.405594444444446],"type":"Point"},"properties":{"portal_id":"31056322"},"type":"Feature"},{"geometry":{"coordinates":[-3.5480305555555556,40.405594444444446],"type":"Point"},"properties":{"portal_id":"31056323"},"type":"Feature"},{"geometry":{"coordinates":[-3.547972222222222,40.40559722222222],"type":"Point"},"properties":{"portal_id":"31056324"},"type":"Feature"},{"geometry":{"coordinates":[-3.547902777777778,40.40559722222222],"type":"Point"},"properties":{"portal_id":"31056325"},"type":"Feature"},{"geometry":{"coordinates":[-3.5478305555555556,40.40559722222222],"type":"Point"},"properties":{"portal_id":"31056326"},"type":"Feature"},{"geometry":{"coordinates":[-3.547761111111111,40.40559722222222],"type":"Point"},"properties":{"portal_id":"31056327"},"type":"Feature"},{"geometry":{"coordinates":[-3.5485277777777777,40.405702777777776],"type":"Point"},"properties":{"portal_id":"31056328"},"type":"Feature"},{"geometry":{"coordinates":[-3.5485277777777777,40.40575555555555],"type":"Point"},"properties":{"portal_id":"31056329"},"type":"Feature"},{"geometry":{"coordinates":[-3.5485166666666665,40.40580833333333],"type":"Point"},"properties":{"portal_id":"31056330"},"type":"Feature"},{"geometry":{"coordinates":[-3.5485166666666665,40.40586388888889],"type":"Point"},"properties":{"portal_id":"31056331"},"type":"Feature"},{"geometry":{"coordinates":[-3.5485166666666665,40.40591666666666],"type":"Point"},"properties":{"portal_id":"31056332"},"type":"Feature"},{"geometry":{"coordinates":[-3.5564138888888888,40.39888055555556],"type":"Point"},"properties":{"portal_id":"31056393"},"type":"Feature"},{"geometry":{"coordinates":[-3.556297222222222,40.39901666666667],"type":"Point"},"properties":{"portal_id":"31056394"},"type":"Feature"},{"geometry":{"coordinates":[-3.5561916666666664,40.39913333333333],"type":"Point"},"properties":{"portal_id":"31056395"},"type":"Feature"},{"geometry":{"coordinates":[-3.556075,40.39926111111111],"type":"Point"},"properties":{"portal_id":"31056396"},"type":"Feature"},{"geometry":{"coordinates":[-3.702688888888889,40.34805555555556],"type":"Point"},"properties":{"portal_id":"31056519"},"type":"Feature"},{"geometry":{"coordinates":[-3.702569444444445,40.34789444444445],"type":"Point"},"properties":{"portal_id":"31056520"},"type":"Feature"},{"geometry":{"coordinates":[-3.7023833333333336,40.34792222222222],"type":"Point"},"properties":{"portal_id":"31056521"},"type":"Feature"},{"geometry":{"coordinates":[-3.7022055555555555,40.347994444444446],"type":"Point"},"properties":{"portal_id":"31056522"},"type":"Feature"},{"geometry":{"coordinates":[-3.7020194444444448,40.34806944444445],"type":"Point"},"properties":{"portal_id":"31056523"},"type":"Feature"},{"geometry":{"coordinates":[-3.5614638888888885,40.39823333333333],"type":"Point"},"properties":{"portal_id":"31056971"},"type":"Feature"},{"geometry":{"coordinates":[-3.5614305555555554,40.39836944444444],"type":"Point"},"properties":{"portal_id":"31056972"},"type":"Feature"},{"geometry":{"coordinates":[-3.561383333333333,40.39841388888889],"type":"Point"},"properties":{"portal_id":"31056973"},"type":"Feature"},{"geometry":{"coordinates":[-3.561336111111111,40.39846111111111],"type":"Point"},"properties":{"portal_id":"31056974"},"type":"Feature"},{"geometry":{"coordinates":[-3.5613027777777777,40.39850555555555],"type":"Point"},"properties":{"portal_id":"31056975"},"type":"Feature"},{"geometry":{"coordinates":[-3.5612555555555554,40.398558333333334],"type":"Point"},"properties":{"portal_id":"31056976"},"type":"Feature"},{"geometry":{"coordinates":[-3.5612194444444443,40.398605555555555],"type":"Point"},"properties":{"portal_id":"31056977"},"type":"Feature"},{"geometry":{"coordinates":[-3.561172222222222,40.398649999999996],"type":"Point"},"properties":{"portal_id":"31056978"},"type":"Feature"},{"geometry":{"coordinates":[-3.5609666666666664,40.39792222222222],"type":"Point"},"properties":{"portal_id":"31056979"},"type":"Feature"},{"geometry":{"coordinates":[-3.560919444444444,40.397975],"type":"Point"},"properties":{"portal_id":"31056980"},"type":"Feature"},{"geometry":{"coordinates":[-3.560875,40.39803055555556],"type":"Point"},"properties":{"portal_id":"31056981"},"type":"Feature"},{"geometry":{"coordinates":[-3.5608388888888887,40.398066666666665],"type":"Point"},"properties":{"portal_id":"31056982"},"type":"Feature"},{"geometry":{"coordinates":[-3.5608027777777775,40.39811111111111],"type":"Point"},"properties":{"portal_id":"31056983"},"type":"Feature"},{"geometry":{"coordinates":[-3.5607555555555552,40.398155555555554],"type":"Point"},"properties":{"portal_id":"31056984"},"type":"Feature"},{"geometry":{"coordinates":[-3.560711111111111,40.39821111111111],"type":"Point"},"properties":{"portal_id":"31056985"},"type":"Feature"},{"geometry":{"coordinates":[-3.560675,40.39825555555556],"type":"Point"},"properties":{"portal_id":"31056986"},"type":"Feature"},{"geometry":{"coordinates":[-3.5606277777777775,40.39831111111111],"type":"Point"},"properties":{"portal_id":"31056987"},"type":"Feature"},{"geometry":{"coordinates":[-3.560580555555555,40.398355555555554],"type":"Point"},"properties":{"portal_id":"31056988"},"type":"Feature"},{"geometry":{"coordinates":[-3.5612277777777774,40.398019444444444],"type":"Point"},"properties":{"portal_id":"31056989"},"type":"Feature"},{"geometry":{"coordinates":[-3.597491666666667,40.35740277777778],"type":"Point"},"properties":{"portal_id":"31060028"},"type":"Feature"},{"geometry":{"coordinates":[-3.613775,40.494455555555554],"type":"Point"},"properties":{"portal_id":"31060371"},"type":"Feature"},{"geometry":{"coordinates":[-3.6134583333333334,40.49451111111111],"type":"Point"},"properties":{"portal_id":"31060372"},"type":"Feature"},{"geometry":{"coordinates":[-3.6131833333333336,40.49437777777778],"type":"Point"},"properties":{"portal_id":"31060373"},"type":"Feature"},{"geometry":{"coordinates":[-3.550297222222222,40.39449444444445],"type":"Point"},"properties":{"portal_id":"31060655"},"type":"Feature"},{"geometry":{"coordinates":[-3.5502166666666666,40.39449444444445],"type":"Point"},"properties":{"portal_id":"31060656"},"type":"Feature"},{"geometry":{"coordinates":[-3.5501444444444443,40.39449444444445],"type":"Point"},"properties":{"portal_id":"31060657"},"type":"Feature"},{"geometry":{"coordinates":[-3.550063888888889,40.39449722222222],"type":"Point"},"properties":{"portal_id":"31060658"},"type":"Feature"},{"geometry":{"coordinates":[-3.5499916666666667,40.39449722222222],"type":"Point"},"properties":{"portal_id":"31060659"},"type":"Feature"},{"geometry":{"coordinates":[-3.549922222222222,40.39449722222222],"type":"Point"},"properties":{"portal_id":"31060660"},"type":"Feature"},{"geometry":{"coordinates":[-3.5498499999999997,40.39449722222222],"type":"Point"},"properties":{"portal_id":"31060661"},"type":"Feature"},{"geometry":{"coordinates":[-3.5497694444444443,40.39449722222222],"type":"Point"},"properties":{"portal_id":"31060662"},"type":"Feature"},{"geometry":{"coordinates":[-3.5494388888888886,40.3945],"type":"Point"},"properties":{"portal_id":"31060663"},"type":"Feature"},{"geometry":{"coordinates":[-3.5493916666666667,40.3945],"type":"Point"},"properties":{"portal_id":"31060664"},"type":"Feature"},{"geometry":{"coordinates":[-3.549297222222222,40.3945],"type":"Point"},"properties":{"portal_id":"31060665"},"type":"Feature"},{"geometry":{"coordinates":[-3.54925,40.3945],"type":"Point"},"properties":{"portal_id":"31060666"},"type":"Feature"},{"geometry":{"coordinates":[-3.5491555555555556,40.3945],"type":"Point"},"properties":{"portal_id":"31060667"},"type":"Feature"},{"geometry":{"coordinates":[-3.5491194444444445,40.3945],"type":"Point"},"properties":{"portal_id":"31060668"},"type":"Feature"},{"geometry":{"coordinates":[-3.549447222222222,40.395713888888885],"type":"Point"},"properties":{"portal_id":"31060670"},"type":"Feature"},{"geometry":{"coordinates":[-3.5494138888888886,40.395713888888885],"type":"Point"},"properties":{"portal_id":"31060671"},"type":"Feature"},{"geometry":{"coordinates":[-3.5493055555555553,40.395716666666665],"type":"Point"},"properties":{"portal_id":"31060672"},"type":"Feature"},{"geometry":{"coordinates":[-3.549272222222222,40.395716666666665],"type":"Point"},"properties":{"portal_id":"31060673"},"type":"Feature"},{"geometry":{"coordinates":[-3.5492,40.395716666666665],"type":"Point"},"properties":{"portal_id":"31060674"},"type":"Feature"},{"geometry":{"coordinates":[-3.549069444444444,40.39565277777778],"type":"Point"},"properties":{"portal_id":"31060675"},"type":"Feature"},{"geometry":{"coordinates":[-3.5504333333333333,40.395125],"type":"Point"},"properties":{"portal_id":"31060676"},"type":"Feature"},{"geometry":{"coordinates":[-3.5504333333333333,40.395069444444445],"type":"Point"},"properties":{"portal_id":"31060677"},"type":"Feature"},{"geometry":{"coordinates":[-3.5504333333333333,40.39500833333333],"type":"Point"},"properties":{"portal_id":"31060678"},"type":"Feature"},{"geometry":{"coordinates":[-3.5504305555555553,40.394952777777775],"type":"Point"},"properties":{"portal_id":"31060679"},"type":"Feature"},{"geometry":{"coordinates":[-3.5504305555555553,40.3949],"type":"Point"},"properties":{"portal_id":"31060680"},"type":"Feature"},{"geometry":{"coordinates":[-3.5504305555555553,40.39483611111111],"type":"Point"},"properties":{"portal_id":"31060681"},"type":"Feature"},{"geometry":{"coordinates":[-3.5504305555555553,40.394783333333336],"type":"Point"},"properties":{"portal_id":"31060682"},"type":"Feature"},{"geometry":{"coordinates":[-3.549725,40.394983333333336],"type":"Point"},"properties":{"portal_id":"31060684"},"type":"Feature"},{"geometry":{"coordinates":[-3.549725,40.394930555555554],"type":"Point"},"properties":{"portal_id":"31060685"},"type":"Feature"},{"geometry":{"coordinates":[-3.549725,40.394866666666665],"type":"Point"},"properties":{"portal_id":"31060686"},"type":"Feature"},{"geometry":{"coordinates":[-3.549725,40.39481388888889],"type":"Point"},"properties":{"portal_id":"31060687"},"type":"Feature"},{"geometry":{"coordinates":[-3.549722222222222,40.394758333333336],"type":"Point"},"properties":{"portal_id":"31060688"},"type":"Feature"},{"geometry":{"coordinates":[-3.549722222222222,40.39469444444445],"type":"Point"},"properties":{"portal_id":"31060689"},"type":"Feature"},{"geometry":{"coordinates":[-3.549536111111111,40.395047222222225],"type":"Point"},"properties":{"portal_id":"31060691"},"type":"Feature"},{"geometry":{"coordinates":[-3.549536111111111,40.394975],"type":"Point"},"properties":{"portal_id":"31060692"},"type":"Feature"},{"geometry":{"coordinates":[-3.549536111111111,40.39495],"type":"Point"},"properties":{"portal_id":"31060693"},"type":"Feature"},{"geometry":{"coordinates":[-3.549536111111111,40.394866666666665],"type":"Point"},"properties":{"portal_id":"31060694"},"type":"Feature"},{"geometry":{"coordinates":[-3.549536111111111,40.39483055555556],"type":"Point"},"properties":{"portal_id":"31060695"},"type":"Feature"},{"geometry":{"coordinates":[-3.549533333333333,40.39475],"type":"Point"},"properties":{"portal_id":"31060696"},"type":"Feature"},{"geometry":{"coordinates":[-3.549536111111111,40.39508333333333],"type":"Point"},"properties":{"portal_id":"31060697"},"type":"Feature"},{"geometry":{"coordinates":[-3.549538888888889,40.39516388888889],"type":"Point"},"properties":{"portal_id":"31060698"},"type":"Feature"},{"geometry":{"coordinates":[-3.549538888888889,40.39519166666667],"type":"Point"},"properties":{"portal_id":"31060699"},"type":"Feature"},{"geometry":{"coordinates":[-3.549538888888889,40.395272222222225],"type":"Point"},"properties":{"portal_id":"31060700"},"type":"Feature"},{"geometry":{"coordinates":[-3.549538888888889,40.3953],"type":"Point"},"properties":{"portal_id":"31060701"},"type":"Feature"},{"geometry":{"coordinates":[-3.549538888888889,40.395380555555555],"type":"Point"},"properties":{"portal_id":"31060702"},"type":"Feature"},{"geometry":{"coordinates":[-3.549538888888889,40.395408333333336],"type":"Point"},"properties":{"portal_id":"31060703"},"type":"Feature"},{"geometry":{"coordinates":[-3.5488277777777775,40.39476388888889],"type":"Point"},"properties":{"portal_id":"31060707"},"type":"Feature"},{"geometry":{"coordinates":[-3.548833333333333,40.39541944444444],"type":"Point"},"properties":{"portal_id":"31060708"},"type":"Feature"},{"geometry":{"coordinates":[-3.548833333333333,40.395383333333335],"type":"Point"},"properties":{"portal_id":"31060709"},"type":"Feature"},{"geometry":{"coordinates":[-3.5488277777777775,40.394844444444445],"type":"Point"},"properties":{"portal_id":"31060710"},"type":"Feature"},{"geometry":{"coordinates":[-3.5488277777777775,40.39487222222222],"type":"Point"},"properties":{"portal_id":"31060711"},"type":"Feature"},{"geometry":{"coordinates":[-3.5488305555555555,40.394952777777775],"type":"Point"},"properties":{"portal_id":"31060712"},"type":"Feature"},{"geometry":{"coordinates":[-3.5488305555555555,40.394980555555556],"type":"Point"},"properties":{"portal_id":"31060713"},"type":"Feature"},{"geometry":{"coordinates":[-3.5488305555555555,40.39506111111111],"type":"Point"},"properties":{"portal_id":"31060714"},"type":"Feature"},{"geometry":{"coordinates":[-3.5488305555555555,40.39508611111111],"type":"Point"},"properties":{"portal_id":"31060715"},"type":"Feature"},{"geometry":{"coordinates":[-3.5488305555555555,40.39516944444444],"type":"Point"},"properties":{"portal_id":"31060716"},"type":"Feature"},{"geometry":{"coordinates":[-3.5488305555555555,40.39519444444444],"type":"Point"},"properties":{"portal_id":"31060717"},"type":"Feature"},{"geometry":{"coordinates":[-3.548833333333333,40.39527777777778],"type":"Point"},"properties":{"portal_id":"31060718"},"type":"Feature"},{"geometry":{"coordinates":[-3.548833333333333,40.39530277777778],"type":"Point"},"properties":{"portal_id":"31060719"},"type":"Feature"},{"geometry":{"coordinates":[-3.5504333333333333,40.406638888888885],"type":"Point"},"properties":{"portal_id":"31060935"},"type":"Feature"},{"geometry":{"coordinates":[-3.550361111111111,40.40663055555555],"type":"Point"},"properties":{"portal_id":"31060936"},"type":"Feature"},{"geometry":{"coordinates":[-3.550280555555555,40.406638888888885],"type":"Point"},"properties":{"portal_id":"31060937"},"type":"Feature"},{"geometry":{"coordinates":[-3.550208333333333,40.406638888888885],"type":"Point"},"properties":{"portal_id":"31060938"},"type":"Feature"},{"geometry":{"coordinates":[-3.5501388888888887,40.406638888888885],"type":"Point"},"properties":{"portal_id":"31060939"},"type":"Feature"},{"geometry":{"coordinates":[-3.5500666666666665,40.406638888888885],"type":"Point"},"properties":{"portal_id":"31060940"},"type":"Feature"},{"geometry":{"coordinates":[-3.5499972222222222,40.406641666666665],"type":"Point"},"properties":{"portal_id":"31060941"},"type":"Feature"},{"geometry":{"coordinates":[-3.549913888888889,40.406641666666665],"type":"Point"},"properties":{"portal_id":"31060942"},"type":"Feature"},{"geometry":{"coordinates":[-3.549844444444444,40.406641666666665],"type":"Point"},"properties":{"portal_id":"31060943"},"type":"Feature"},{"geometry":{"coordinates":[-3.549772222222222,40.40665833333333],"type":"Point"},"properties":{"portal_id":"31060944"},"type":"Feature"},{"geometry":{"coordinates":[-3.5496777777777777,40.40665],"type":"Point"},"properties":{"portal_id":"31060945"},"type":"Feature"},{"geometry":{"coordinates":[-3.549583333333333,40.40665277777778],"type":"Point"},"properties":{"portal_id":"31060946"},"type":"Feature"},{"geometry":{"coordinates":[-3.549513888888889,40.406641666666665],"type":"Point"},"properties":{"portal_id":"31060947"},"type":"Feature"},{"geometry":{"coordinates":[-3.549361111111111,40.40665277777778],"type":"Point"},"properties":{"portal_id":"31060948"},"type":"Feature"},{"geometry":{"coordinates":[-3.549288888888889,40.40665277777778],"type":"Point"},"properties":{"portal_id":"31060949"},"type":"Feature"},{"geometry":{"coordinates":[-3.549208333333333,40.40665277777778],"type":"Point"},"properties":{"portal_id":"31060950"},"type":"Feature"},{"geometry":{"coordinates":[-3.549136111111111,40.40663611111111],"type":"Point"},"properties":{"portal_id":"31060951"},"type":"Feature"},{"geometry":{"coordinates":[-3.5490666666666666,40.40663611111111],"type":"Point"},"properties":{"portal_id":"31060952"},"type":"Feature"},{"geometry":{"coordinates":[-3.548983333333333,40.40665555555555],"type":"Point"},"properties":{"portal_id":"31060953"},"type":"Feature"},{"geometry":{"coordinates":[-3.549136111111111,40.40668888888889],"type":"Point"},"properties":{"portal_id":"31060954"},"type":"Feature"},{"geometry":{"coordinates":[-3.549161111111111,40.406752777777776],"type":"Point"},"properties":{"portal_id":"31060955"},"type":"Feature"},{"geometry":{"coordinates":[-3.549161111111111,40.40680555555556],"type":"Point"},"properties":{"portal_id":"31060956"},"type":"Feature"},{"geometry":{"coordinates":[-3.549138888888889,40.40686111111111],"type":"Point"},"properties":{"portal_id":"31060957"},"type":"Feature"},{"geometry":{"coordinates":[-3.549138888888889,40.40691388888889],"type":"Point"},"properties":{"portal_id":"31060958"},"type":"Feature"},{"geometry":{"coordinates":[-3.5498333333333334,40.40671388888889],"type":"Point"},"properties":{"portal_id":"31060959"},"type":"Feature"},{"geometry":{"coordinates":[-3.549822222222222,40.40676666666666],"type":"Point"},"properties":{"portal_id":"31060960"},"type":"Feature"},{"geometry":{"coordinates":[-3.549822222222222,40.40682222222222],"type":"Point"},"properties":{"portal_id":"31060961"},"type":"Feature"},{"geometry":{"coordinates":[-3.549822222222222,40.40688333333333],"type":"Point"},"properties":{"portal_id":"31060962"},"type":"Feature"},{"geometry":{"coordinates":[-3.549822222222222,40.40693888888889],"type":"Point"},"properties":{"portal_id":"31060963"},"type":"Feature"},{"geometry":{"coordinates":[-3.5502916666666664,40.40671111111111],"type":"Point"},"properties":{"portal_id":"31060965"},"type":"Feature"},{"geometry":{"coordinates":[-3.550447222222222,40.40700833333333],"type":"Point"},"properties":{"portal_id":"31060970"},"type":"Feature"},{"geometry":{"coordinates":[-3.5503638888888887,40.40700833333333],"type":"Point"},"properties":{"portal_id":"31060971"},"type":"Feature"},{"geometry":{"coordinates":[-3.5502944444444444,40.40700833333333],"type":"Point"},"properties":{"portal_id":"31060972"},"type":"Feature"},{"geometry":{"coordinates":[-3.550211111111111,40.40700833333333],"type":"Point"},"properties":{"portal_id":"31060973"},"type":"Feature"},{"geometry":{"coordinates":[-3.5501416666666663,40.40700833333333],"type":"Point"},"properties":{"portal_id":"31060974"},"type":"Feature"},{"geometry":{"coordinates":[-3.550069444444444,40.40700833333333],"type":"Point"},"properties":{"portal_id":"31060975"},"type":"Feature"},{"geometry":{"coordinates":[-3.5499888888888886,40.40701111111111],"type":"Point"},"properties":{"portal_id":"31060976"},"type":"Feature"},{"geometry":{"coordinates":[-3.5499166666666664,40.40701111111111],"type":"Point"},"properties":{"portal_id":"31060977"},"type":"Feature"},{"geometry":{"coordinates":[-3.549847222222222,40.40701111111111],"type":"Point"},"properties":{"portal_id":"31060978"},"type":"Feature"},{"geometry":{"coordinates":[-3.5497638888888887,40.40701111111111],"type":"Point"},"properties":{"portal_id":"31060979"},"type":"Feature"},{"geometry":{"coordinates":[-3.5496694444444445,40.40700277777778],"type":"Point"},"properties":{"portal_id":"31060980"},"type":"Feature"},{"geometry":{"coordinates":[-3.549586111111111,40.40701111111111],"type":"Point"},"properties":{"portal_id":"31060981"},"type":"Feature"},{"geometry":{"coordinates":[-3.5495055555555552,40.40700277777778],"type":"Point"},"properties":{"portal_id":"31060982"},"type":"Feature"},{"geometry":{"coordinates":[-3.549433333333333,40.40700277777778],"type":"Point"},"properties":{"portal_id":"31060983"},"type":"Feature"},{"geometry":{"coordinates":[-3.5493638888888888,40.40700277777778],"type":"Point"},"properties":{"portal_id":"31060984"},"type":"Feature"},{"geometry":{"coordinates":[-3.5492916666666665,40.40700555555556],"type":"Point"},"properties":{"portal_id":"31060985"},"type":"Feature"},{"geometry":{"coordinates":[-3.5492222222222223,40.406977777777776],"type":"Point"},"properties":{"portal_id":"31060986"},"type":"Feature"},{"geometry":{"coordinates":[-3.5844666666666667,40.36279444444445],"type":"Point"},"properties":{"portal_id":"31061247"},"type":"Feature"},{"geometry":{"coordinates":[-3.584525,40.362830555555554],"type":"Point"},"properties":{"portal_id":"31061248"},"type":"Feature"},{"geometry":{"coordinates":[-3.5845861111111113,40.362858333333335],"type":"Point"},"properties":{"portal_id":"31061249"},"type":"Feature"},{"geometry":{"coordinates":[-3.5846444444444447,40.362883333333336],"type":"Point"},"properties":{"portal_id":"31061250"},"type":"Feature"},{"geometry":{"coordinates":[-3.584702777777778,40.36291111111111],"type":"Point"},"properties":{"portal_id":"31061251"},"type":"Feature"},{"geometry":{"coordinates":[-3.5847611111111113,40.362947222222225],"type":"Point"},"properties":{"portal_id":"31061252"},"type":"Feature"},{"geometry":{"coordinates":[-3.585080555555556,40.36301666666667],"type":"Point"},"properties":{"portal_id":"31061253"},"type":"Feature"},{"geometry":{"coordinates":[-3.585116666666667,40.362972222222226],"type":"Point"},"properties":{"portal_id":"31061254"},"type":"Feature"},{"geometry":{"coordinates":[-3.58515,40.36292777777778],"type":"Point"},"properties":{"portal_id":"31061255"},"type":"Feature"},{"geometry":{"coordinates":[-3.5848083333333336,40.362972222222226],"type":"Point"},"properties":{"portal_id":"31061256"},"type":"Feature"},{"geometry":{"coordinates":[-3.5852333333333335,40.36281944444445],"type":"Point"},"properties":{"portal_id":"31061257"},"type":"Feature"},{"geometry":{"coordinates":[-3.5852666666666666,40.36276388888889],"type":"Point"},"properties":{"portal_id":"31061258"},"type":"Feature"},{"geometry":{"coordinates":[-3.5853027777777777,40.362719444444444],"type":"Point"},"properties":{"portal_id":"31061259"},"type":"Feature"},{"geometry":{"coordinates":[-3.5853361111111113,40.36266388888889],"type":"Point"},"properties":{"portal_id":"31061260"},"type":"Feature"},{"geometry":{"coordinates":[-3.5853722222222224,40.36261944444445],"type":"Point"},"properties":{"portal_id":"31061261"},"type":"Feature"},{"geometry":{"coordinates":[-3.5854194444444447,40.362547222222226],"type":"Point"},"properties":{"portal_id":"31061262"},"type":"Feature"},{"geometry":{"coordinates":[-3.585452777777778,40.36249166666667],"type":"Point"},"properties":{"portal_id":"31061263"},"type":"Feature"},{"geometry":{"coordinates":[-3.585488888888889,40.36244722222222],"type":"Point"},"properties":{"portal_id":"31061264"},"type":"Feature"},{"geometry":{"coordinates":[-3.5855111111111113,40.36239444444445],"type":"Point"},"properties":{"portal_id":"31061265"},"type":"Feature"},{"geometry":{"coordinates":[-3.5855472222222224,40.36233888888889],"type":"Point"},"properties":{"portal_id":"31061266"},"type":"Feature"},{"geometry":{"coordinates":[-3.5845583333333333,40.36255277777778],"type":"Point"},"properties":{"portal_id":"31061267"},"type":"Feature"},{"geometry":{"coordinates":[-3.5845805555555557,40.36250555555556],"type":"Point"},"properties":{"portal_id":"31061268"},"type":"Feature"},{"geometry":{"coordinates":[-3.584616666666667,40.36246111111111],"type":"Point"},"properties":{"portal_id":"31061269"},"type":"Feature"},{"geometry":{"coordinates":[-3.584652777777778,40.36241666666667],"type":"Point"},"properties":{"portal_id":"31061270"},"type":"Feature"},{"geometry":{"coordinates":[-3.5846861111111115,40.36236111111111],"type":"Point"},"properties":{"portal_id":"31061271"},"type":"Feature"},{"geometry":{"coordinates":[-3.5847333333333333,40.36228888888889],"type":"Point"},"properties":{"portal_id":"31061272"},"type":"Feature"},{"geometry":{"coordinates":[-3.584766666666667,40.36223611111111],"type":"Point"},"properties":{"portal_id":"31061273"},"type":"Feature"},{"geometry":{"coordinates":[-3.584802777777778,40.36218888888889],"type":"Point"},"properties":{"portal_id":"31061274"},"type":"Feature"},{"geometry":{"coordinates":[-3.584825,40.362144444444446],"type":"Point"},"properties":{"portal_id":"31061275"},"type":"Feature"},{"geometry":{"coordinates":[-3.5849083333333334,40.362008333333335],"type":"Point"},"properties":{"portal_id":"31061276"},"type":"Feature"},{"geometry":{"coordinates":[-3.559822222222222,40.397666666666666],"type":"Point"},"properties":{"portal_id":"31061521"},"type":"Feature"},{"geometry":{"coordinates":[-3.559786111111111,40.39771111111111],"type":"Point"},"properties":{"portal_id":"31061522"},"type":"Feature"},{"geometry":{"coordinates":[-3.5597527777777778,40.397755555555555],"type":"Point"},"properties":{"portal_id":"31061523"},"type":"Feature"},{"geometry":{"coordinates":[-3.5597055555555555,40.39781111111111],"type":"Point"},"properties":{"portal_id":"31061524"},"type":"Feature"},{"geometry":{"coordinates":[-3.559658333333333,40.39785555555555],"type":"Point"},"properties":{"portal_id":"31061525"},"type":"Feature"},{"geometry":{"coordinates":[-3.559622222222222,40.397891666666666],"type":"Point"},"properties":{"portal_id":"31061526"},"type":"Feature"},{"geometry":{"coordinates":[-3.559588888888889,40.39793611111111],"type":"Point"},"properties":{"portal_id":"31061527"},"type":"Feature"},{"geometry":{"coordinates":[-3.5595416666666666,40.39799166666667],"type":"Point"},"properties":{"portal_id":"31061528"},"type":"Feature"},{"geometry":{"coordinates":[-3.5595055555555555,40.39803611111111],"type":"Point"},"properties":{"portal_id":"31061529"},"type":"Feature"},{"geometry":{"coordinates":[-3.5594611111111107,40.39808055555555],"type":"Point"},"properties":{"portal_id":"31061530"},"type":"Feature"},{"geometry":{"coordinates":[-3.559572222222222,40.397225],"type":"Point"},"properties":{"portal_id":"31061532"},"type":"Feature"},{"geometry":{"coordinates":[-3.559630555555555,40.39725277777778],"type":"Point"},"properties":{"portal_id":"31061533"},"type":"Feature"},{"geometry":{"coordinates":[-3.5596888888888887,40.39728888888889],"type":"Point"},"properties":{"portal_id":"31061534"},"type":"Feature"},{"geometry":{"coordinates":[-3.559761111111111,40.39731388888889],"type":"Point"},"properties":{"portal_id":"31061535"},"type":"Feature"},{"geometry":{"coordinates":[-3.5598194444444444,40.39734166666667],"type":"Point"},"properties":{"portal_id":"31061536"},"type":"Feature"},{"geometry":{"coordinates":[-3.5598777777777775,40.39736666666666],"type":"Point"},"properties":{"portal_id":"31061537"},"type":"Feature"},{"geometry":{"coordinates":[-3.5599388888888885,40.39740277777778],"type":"Point"},"properties":{"portal_id":"31061538"},"type":"Feature"},{"geometry":{"coordinates":[-3.559255555555555,40.397441666666666],"type":"Point"},"properties":{"portal_id":"31061540"},"type":"Feature"},{"geometry":{"coordinates":[-3.5592083333333333,40.39748888888889],"type":"Point"},"properties":{"portal_id":"31061541"},"type":"Feature"},{"geometry":{"coordinates":[-3.559172222222222,40.397533333333335],"type":"Point"},"properties":{"portal_id":"31061542"},"type":"Feature"},{"geometry":{"coordinates":[-3.559125,40.39757777777778],"type":"Point"},"properties":{"portal_id":"31061543"},"type":"Feature"},{"geometry":{"coordinates":[-3.559055555555555,40.397669444444446],"type":"Point"},"properties":{"portal_id":"31061544"},"type":"Feature"},{"geometry":{"coordinates":[-3.5590083333333333,40.39771388888889],"type":"Point"},"properties":{"portal_id":"31061545"},"type":"Feature"},{"geometry":{"coordinates":[-3.5589749999999998,40.397758333333336],"type":"Point"},"properties":{"portal_id":"31061546"},"type":"Feature"},{"geometry":{"coordinates":[-3.5589277777777775,40.39780555555556],"type":"Point"},"properties":{"portal_id":"31061547"},"type":"Feature"},{"geometry":{"coordinates":[-3.558847222222222,40.39799444444444],"type":"Point"},"properties":{"portal_id":"31061548"},"type":"Feature"},{"geometry":{"coordinates":[-3.5587999999999997,40.39803888888889],"type":"Point"},"properties":{"portal_id":"31061549"},"type":"Feature"},{"geometry":{"coordinates":[-3.5587638888888886,40.39808611111111],"type":"Point"},"properties":{"portal_id":"31061550"},"type":"Feature"},{"geometry":{"coordinates":[-3.5568999999999997,40.400463888888886],"type":"Point"},"properties":{"portal_id":"31061570"},"type":"Feature"},{"geometry":{"coordinates":[-3.556697222222222,40.40035555555556],"type":"Point"},"properties":{"portal_id":"31061571"},"type":"Feature"},{"geometry":{"coordinates":[-3.5504138888888885,40.40869166666666],"type":"Point"},"properties":{"portal_id":"31061611"},"type":"Feature"},{"geometry":{"coordinates":[-3.5503194444444444,40.40869166666666],"type":"Point"},"properties":{"portal_id":"31061612"},"type":"Feature"},{"geometry":{"coordinates":[-3.5502138888888886,40.40869444444444],"type":"Point"},"properties":{"portal_id":"31061613"},"type":"Feature"},{"geometry":{"coordinates":[-3.5501416666666663,40.40869444444444],"type":"Point"},"properties":{"portal_id":"31061614"},"type":"Feature"},{"geometry":{"coordinates":[-3.5505166666666663,40.40824166666666],"type":"Point"},"properties":{"portal_id":"31061615"},"type":"Feature"},{"geometry":{"coordinates":[-3.5505166666666663,40.408294444444444],"type":"Point"},"properties":{"portal_id":"31061617"},"type":"Feature"},{"geometry":{"coordinates":[-3.5505166666666663,40.40835833333333],"type":"Point"},"properties":{"portal_id":"31061618"},"type":"Feature"},{"geometry":{"coordinates":[-3.5505166666666663,40.40841388888889],"type":"Point"},"properties":{"portal_id":"31061619"},"type":"Feature"},{"geometry":{"coordinates":[-3.5505194444444443,40.408474999999996],"type":"Point"},"properties":{"portal_id":"31061620"},"type":"Feature"},{"geometry":{"coordinates":[-3.5570555555555554,40.39947222222222],"type":"Point"},"properties":{"portal_id":"31061633"},"type":"Feature"},{"geometry":{"coordinates":[-3.5569166666666665,40.399633333333334],"type":"Point"},"properties":{"portal_id":"31061634"},"type":"Feature"},{"geometry":{"coordinates":[-3.556811111111111,40.39976111111111],"type":"Point"},"properties":{"portal_id":"31061635"},"type":"Feature"},{"geometry":{"coordinates":[-3.5502944444444444,40.40693611111111],"type":"Point"},"properties":{"portal_id":"31061731"},"type":"Feature"},{"geometry":{"coordinates":[-3.5502916666666664,40.40676388888889],"type":"Point"},"properties":{"portal_id":"31061732"},"type":"Feature"},{"geometry":{"coordinates":[-3.5502916666666664,40.406819444444444],"type":"Point"},"properties":{"portal_id":"31061733"},"type":"Feature"},{"geometry":{"coordinates":[-3.5502944444444444,40.40688333333333],"type":"Point"},"properties":{"portal_id":"31061734"},"type":"Feature"},{"geometry":{"coordinates":[-3.5545888888888886,40.397419444444445],"type":"Point"},"properties":{"portal_id":"31061745"},"type":"Feature"},{"geometry":{"coordinates":[-3.6148305555555558,40.487341666666666],"type":"Point"},"properties":{"portal_id":"31061746"},"type":"Feature"},{"geometry":{"coordinates":[-3.614527777777778,40.48766666666667],"type":"Point"},"properties":{"portal_id":"31061747"},"type":"Feature"},{"geometry":{"coordinates":[-3.557722222222222,40.39736944444444],"type":"Point"},"properties":{"portal_id":"31061748"},"type":"Feature"},{"geometry":{"coordinates":[-3.557522222222222,40.39758611111111],"type":"Point"},"properties":{"portal_id":"31061749"},"type":"Feature"},{"geometry":{"coordinates":[-3.563872222222222,40.40304166666667],"type":"Point"},"properties":{"portal_id":"31061842"},"type":"Feature"},{"geometry":{"coordinates":[-3.563613888888889,40.40290833333333],"type":"Point"},"properties":{"portal_id":"31061843"},"type":"Feature"},{"geometry":{"coordinates":[-3.564047222222222,40.40279722222222],"type":"Point"},"properties":{"portal_id":"31061844"},"type":"Feature"},{"geometry":{"coordinates":[-3.5641305555555554,40.40269722222222],"type":"Point"},"properties":{"portal_id":"31061845"},"type":"Feature"},{"geometry":{"coordinates":[-3.5642111111111108,40.4026],"type":"Point"},"properties":{"portal_id":"31061846"},"type":"Feature"},{"geometry":{"coordinates":[-3.564433333333333,40.40239166666667],"type":"Point"},"properties":{"portal_id":"31061847"},"type":"Feature"},{"geometry":{"coordinates":[-3.564197222222222,40.40226666666666],"type":"Point"},"properties":{"portal_id":"31061848"},"type":"Feature"},{"geometry":{"coordinates":[-3.5638361111111108,40.402680555555555],"type":"Point"},"properties":{"portal_id":"31061849"},"type":"Feature"},{"geometry":{"coordinates":[-3.5639166666666666,40.402591666666666],"type":"Point"},"properties":{"portal_id":"31061850"},"type":"Feature"},{"geometry":{"coordinates":[-3.563997222222222,40.40249166666666],"type":"Point"},"properties":{"portal_id":"31061851"},"type":"Feature"},{"geometry":{"coordinates":[-3.5631388888888886,40.40266666666667],"type":"Point"},"properties":{"portal_id":"31061852"},"type":"Feature"},{"geometry":{"coordinates":[-3.5628305555555553,40.40251666666666],"type":"Point"},"properties":{"portal_id":"31061853"},"type":"Feature"},{"geometry":{"coordinates":[-3.5632777777777775,40.40238611111111],"type":"Point"},"properties":{"portal_id":"31061854"},"type":"Feature"},{"geometry":{"coordinates":[-3.563347222222222,40.402297222222224],"type":"Point"},"properties":{"portal_id":"31061855"},"type":"Feature"},{"geometry":{"coordinates":[-3.5634416666666664,40.40218888888889],"type":"Point"},"properties":{"portal_id":"31061856"},"type":"Feature"},{"geometry":{"coordinates":[-3.5637,40.40201666666667],"type":"Point"},"properties":{"portal_id":"31061857"},"type":"Feature"},{"geometry":{"coordinates":[-3.5634166666666665,40.401872222222224],"type":"Point"},"properties":{"portal_id":"31061858"},"type":"Feature"},{"geometry":{"coordinates":[-3.5630777777777776,40.40227222222222],"type":"Point"},"properties":{"portal_id":"31061859"},"type":"Feature"},{"geometry":{"coordinates":[-3.563158333333333,40.40217222222222],"type":"Point"},"properties":{"portal_id":"31061860"},"type":"Feature"},{"geometry":{"coordinates":[-3.5632416666666664,40.40207222222222],"type":"Point"},"properties":{"portal_id":"31061861"},"type":"Feature"},{"geometry":{"coordinates":[-3.5592888888888887,40.39738888888889],"type":"Point"},"properties":{"portal_id":"31061923"},"type":"Feature"},{"geometry":{"coordinates":[-3.5590916666666663,40.397625],"type":"Point"},"properties":{"portal_id":"31061924"},"type":"Feature"},{"geometry":{"coordinates":[-3.5594027777777777,40.39814444444444],"type":"Point"},"properties":{"portal_id":"31061926"},"type":"Feature"},{"geometry":{"coordinates":[-3.5593555555555554,40.3982],"type":"Point"},"properties":{"portal_id":"31061927"},"type":"Feature"},{"geometry":{"coordinates":[-3.5593194444444443,40.39823611111111],"type":"Point"},"properties":{"portal_id":"31061928"},"type":"Feature"},{"geometry":{"coordinates":[-3.559286111111111,40.39828055555556],"type":"Point"},"properties":{"portal_id":"31061929"},"type":"Feature"},{"geometry":{"coordinates":[-3.559238888888889,40.398325],"type":"Point"},"properties":{"portal_id":"31061930"},"type":"Feature"},{"geometry":{"coordinates":[-3.553355555555555,40.39795],"type":"Point"},"properties":{"portal_id":"31062056"},"type":"Feature"},{"geometry":{"coordinates":[-3.553472222222222,40.397822222222224],"type":"Point"},"properties":{"portal_id":"31062057"},"type":"Feature"},{"geometry":{"coordinates":[-3.553611111111111,40.39765],"type":"Point"},"properties":{"portal_id":"31062058"},"type":"Feature"},{"geometry":{"coordinates":[-3.5537277777777776,40.39751388888889],"type":"Point"},"properties":{"portal_id":"31062059"},"type":"Feature"},{"geometry":{"coordinates":[-3.5542499999999997,40.39773611111111],"type":"Point"},"properties":{"portal_id":"31062060"},"type":"Feature"},{"geometry":{"coordinates":[-3.5541194444444444,40.39787222222222],"type":"Point"},"properties":{"portal_id":"31062061"},"type":"Feature"},{"geometry":{"coordinates":[-3.5539916666666667,40.39802777777778],"type":"Point"},"properties":{"portal_id":"31062062"},"type":"Feature"},{"geometry":{"coordinates":[-3.5538638888888885,40.39816111111111],"type":"Point"},"properties":{"portal_id":"31062063"},"type":"Feature"},{"geometry":{"coordinates":[-3.553844444444444,40.398577777777774],"type":"Point"},"properties":{"portal_id":"31062064"},"type":"Feature"},{"geometry":{"coordinates":[-3.553513888888889,40.39849722222222],"type":"Point"},"properties":{"portal_id":"31062065"},"type":"Feature"},{"geometry":{"coordinates":[-3.553158333333333,40.39831111111111],"type":"Point"},"properties":{"portal_id":"31062066"},"type":"Feature"},{"geometry":{"coordinates":[-3.5840972222222223,40.36091388888889],"type":"Point"},"properties":{"portal_id":"31062182"},"type":"Feature"},{"geometry":{"coordinates":[-3.5559416666666666,40.39579166666667],"type":"Point"},"properties":{"portal_id":"31062197"},"type":"Feature"},{"geometry":{"coordinates":[-3.5556611111111107,40.39610833333333],"type":"Point"},"properties":{"portal_id":"31062198"},"type":"Feature"},{"geometry":{"coordinates":[-3.5554638888888888,40.396325],"type":"Point"},"properties":{"portal_id":"31062199"},"type":"Feature"},{"geometry":{"coordinates":[-3.555263888888889,40.396569444444445],"type":"Point"},"properties":{"portal_id":"31062200"},"type":"Feature"},{"geometry":{"coordinates":[-3.5466416666666665,40.40269166666666],"type":"Point"},"properties":{"portal_id":"31062298"},"type":"Feature"},{"geometry":{"coordinates":[-3.5466416666666665,40.40274722222222],"type":"Point"},"properties":{"portal_id":"31062299"},"type":"Feature"},{"geometry":{"coordinates":[-3.5451888888888887,40.40231111111111],"type":"Point"},"properties":{"portal_id":"31062300"},"type":"Feature"},{"geometry":{"coordinates":[-3.545247222222222,40.402366666666666],"type":"Point"},"properties":{"portal_id":"31062301"},"type":"Feature"},{"geometry":{"coordinates":[-3.5452944444444445,40.40241111111111],"type":"Point"},"properties":{"portal_id":"31062302"},"type":"Feature"},{"geometry":{"coordinates":[-3.5453444444444444,40.40247222222222],"type":"Point"},"properties":{"portal_id":"31062303"},"type":"Feature"},{"geometry":{"coordinates":[-3.5454027777777775,40.402544444444445],"type":"Point"},"properties":{"portal_id":"31062304"},"type":"Feature"},{"geometry":{"coordinates":[-3.611311111111111,40.492133333333335],"type":"Point"},"properties":{"portal_id":"31062468"},"type":"Feature"},{"geometry":{"coordinates":[-3.6113833333333334,40.49226111111111],"type":"Point"},"properties":{"portal_id":"31062469"},"type":"Feature"},{"geometry":{"coordinates":[-3.611466666666667,40.49240277777778],"type":"Point"},"properties":{"portal_id":"31062470"},"type":"Feature"},{"geometry":{"coordinates":[-3.6116222222222225,40.49241111111111],"type":"Point"},"properties":{"portal_id":"31062471"},"type":"Feature"},{"geometry":{"coordinates":[-3.6118916666666667,40.49225833333333],"type":"Point"},"properties":{"portal_id":"31062472"},"type":"Feature"},{"geometry":{"coordinates":[-3.5577027777777777,40.39917222222222],"type":"Point"},"properties":{"portal_id":"31062624"},"type":"Feature"},{"geometry":{"coordinates":[-3.557730555555555,40.39969444444444],"type":"Point"},"properties":{"portal_id":"31062945"},"type":"Feature"},{"geometry":{"coordinates":[-3.5575888888888887,40.399855555555554],"type":"Point"},"properties":{"portal_id":"31062946"},"type":"Feature"},{"geometry":{"coordinates":[-3.5485305555555553,40.405963888888884],"type":"Point"},"properties":{"portal_id":"31063202"},"type":"Feature"},{"geometry":{"coordinates":[-3.5485305555555553,40.406016666666666],"type":"Point"},"properties":{"portal_id":"31063203"},"type":"Feature"},{"geometry":{"coordinates":[-3.5485305555555553,40.40606111111111],"type":"Point"},"properties":{"portal_id":"31063204"},"type":"Feature"},{"geometry":{"coordinates":[-3.547708333333333,40.4063],"type":"Point"},"properties":{"portal_id":"31063205"},"type":"Feature"},{"geometry":{"coordinates":[-3.5477666666666665,40.4063],"type":"Point"},"properties":{"portal_id":"31063206"},"type":"Feature"},{"geometry":{"coordinates":[-3.547825,40.4063],"type":"Point"},"properties":{"portal_id":"31063207"},"type":"Feature"},{"geometry":{"coordinates":[-3.547883333333333,40.4063],"type":"Point"},"properties":{"portal_id":"31063208"},"type":"Feature"},{"geometry":{"coordinates":[-3.547944444444444,40.4063],"type":"Point"},"properties":{"portal_id":"31063209"},"type":"Feature"},{"geometry":{"coordinates":[-3.5480027777777776,40.40629722222222],"type":"Point"},"properties":{"portal_id":"31063210"},"type":"Feature"},{"geometry":{"coordinates":[-3.5480722222222223,40.40629722222222],"type":"Point"},"properties":{"portal_id":"31063211"},"type":"Feature"},{"geometry":{"coordinates":[-3.5481305555555553,40.406308333333335],"type":"Point"},"properties":{"portal_id":"31063212"},"type":"Feature"},{"geometry":{"coordinates":[-3.548261111111111,40.406305555555555],"type":"Point"},"properties":{"portal_id":"31063213"},"type":"Feature"},{"geometry":{"coordinates":[-3.548319444444444,40.406305555555555],"type":"Point"},"properties":{"portal_id":"31063214"},"type":"Feature"},{"geometry":{"coordinates":[-3.5483805555555556,40.406305555555555],"type":"Point"},"properties":{"portal_id":"31063215"},"type":"Feature"},{"geometry":{"coordinates":[-3.5484388888888887,40.406305555555555],"type":"Point"},"properties":{"portal_id":"31063216"},"type":"Feature"},{"geometry":{"coordinates":[-3.5481916666666664,40.406305555555555],"type":"Point"},"properties":{"portal_id":"31063217"},"type":"Feature"},{"geometry":{"coordinates":[-3.613191666666667,40.488591666666665],"type":"Point"},"properties":{"portal_id":"31063276"},"type":"Feature"},{"geometry":{"coordinates":[-3.612627777777778,40.48883055555556],"type":"Point"},"properties":{"portal_id":"31063277"},"type":"Feature"},{"geometry":{"coordinates":[-3.6122916666666667,40.489533333333334],"type":"Point"},"properties":{"portal_id":"31063278"},"type":"Feature"},{"geometry":{"coordinates":[-3.5496805555555553,40.408408333333334],"type":"Point"},"properties":{"portal_id":"31063343"},"type":"Feature"},{"geometry":{"coordinates":[-3.5496805555555553,40.408452777777775],"type":"Point"},"properties":{"portal_id":"31063344"},"type":"Feature"},{"geometry":{"coordinates":[-3.5496805555555553,40.40849722222222],"type":"Point"},"properties":{"portal_id":"31063345"},"type":"Feature"},{"geometry":{"coordinates":[-3.5496833333333333,40.408541666666665],"type":"Point"},"properties":{"portal_id":"31063346"},"type":"Feature"},{"geometry":{"coordinates":[-3.5496833333333333,40.408588888888886],"type":"Point"},"properties":{"portal_id":"31063347"},"type":"Feature"},{"geometry":{"coordinates":[-3.5496833333333333,40.408625],"type":"Point"},"properties":{"portal_id":"31063348"},"type":"Feature"},{"geometry":{"coordinates":[-3.5576194444444442,40.39651388888889],"type":"Point"},"properties":{"portal_id":"31063467"},"type":"Feature"},{"geometry":{"coordinates":[-3.553208333333333,40.397219444444445],"type":"Point"},"properties":{"portal_id":"31063487"},"type":"Feature"},{"geometry":{"coordinates":[-3.553033333333333,40.39742777777778],"type":"Point"},"properties":{"portal_id":"31063488"},"type":"Feature"},{"geometry":{"coordinates":[-3.552869444444444,40.39760833333333],"type":"Point"},"properties":{"portal_id":"31063489"},"type":"Feature"},{"geometry":{"coordinates":[-3.5525416666666665,40.39803333333333],"type":"Point"},"properties":{"portal_id":"31063490"},"type":"Feature"},{"geometry":{"coordinates":[-3.6644,40.38534444444444],"type":"Point"},"properties":{"portal_id":"31063717"},"type":"Feature"},{"geometry":{"coordinates":[-3.6167000000000002,40.485150000000004],"type":"Point"},"properties":{"portal_id":"31063794"},"type":"Feature"},{"geometry":{"coordinates":[-3.6169694444444445,40.484880555555556],"type":"Point"},"properties":{"portal_id":"31063795"},"type":"Feature"},{"geometry":{"coordinates":[-3.6167055555555554,40.48453055555556],"type":"Point"},"properties":{"portal_id":"31063796"},"type":"Feature"},{"geometry":{"coordinates":[-3.545033333333333,40.40207777777778],"type":"Point"},"properties":{"portal_id":"31063990"},"type":"Feature"},{"geometry":{"coordinates":[-3.546647222222222,40.40206111111111],"type":"Point"},"properties":{"portal_id":"31063991"},"type":"Feature"},{"geometry":{"coordinates":[-3.555108333333333,40.39769722222222],"type":"Point"},"properties":{"portal_id":"31064003"},"type":"Feature"},{"geometry":{"coordinates":[-3.5566388888888887,40.39596111111111],"type":"Point"},"properties":{"portal_id":"31064087"},"type":"Feature"},{"geometry":{"coordinates":[-3.556747222222222,40.399058333333336],"type":"Point"},"properties":{"portal_id":"31064135"},"type":"Feature"},{"geometry":{"coordinates":[-3.5565944444444444,40.39923888888889],"type":"Point"},"properties":{"portal_id":"31064136"},"type":"Feature"},{"geometry":{"coordinates":[-3.5564194444444444,40.399430555555554],"type":"Point"},"properties":{"portal_id":"31064137"},"type":"Feature"},{"geometry":{"coordinates":[-3.5810805555555554,40.36480277777778],"type":"Point"},"properties":{"portal_id":"31064164"},"type":"Feature"},{"geometry":{"coordinates":[-3.551072222222222,40.40696944444444],"type":"Point"},"properties":{"portal_id":"31064214"},"type":"Feature"},{"geometry":{"coordinates":[-3.5510694444444444,40.406841666666665],"type":"Point"},"properties":{"portal_id":"31064215"},"type":"Feature"},{"geometry":{"coordinates":[-3.5510694444444444,40.40671666666667],"type":"Point"},"properties":{"portal_id":"31064216"},"type":"Feature"},{"geometry":{"coordinates":[-3.6866722222222226,40.51118888888889],"type":"Point"},"properties":{"portal_id":"31064317"},"type":"Feature"},{"geometry":{"coordinates":[-3.555572222222222,40.399775],"type":"Point"},"properties":{"portal_id":"31064388"},"type":"Feature"},{"geometry":{"coordinates":[-3.5839694444444445,40.36119444444444],"type":"Point"},"properties":{"portal_id":"31064589"},"type":"Feature"},{"geometry":{"coordinates":[-3.583888888888889,40.36136666666667],"type":"Point"},"properties":{"portal_id":"31064590"},"type":"Feature"},{"geometry":{"coordinates":[-3.5872027777777777,40.36454722222222],"type":"Point"},"properties":{"portal_id":"31064595"},"type":"Feature"},{"geometry":{"coordinates":[-3.5509444444444442,40.40570833333333],"type":"Point"},"properties":{"portal_id":"31065216"},"type":"Feature"},{"geometry":{"coordinates":[-3.587086111111111,40.364691666666666],"type":"Point"},"properties":{"portal_id":"31065661"},"type":"Feature"},{"geometry":{"coordinates":[-3.5869,40.364916666666666],"type":"Point"},"properties":{"portal_id":"31065662"},"type":"Feature"},{"geometry":{"coordinates":[-3.558522222222222,40.397130555555556],"type":"Point"},"properties":{"portal_id":"31066143"},"type":"Feature"},{"geometry":{"coordinates":[-3.558486111111111,40.397175],"type":"Point"},"properties":{"portal_id":"31066144"},"type":"Feature"},{"geometry":{"coordinates":[-3.558438888888889,40.39722222222222],"type":"Point"},"properties":{"portal_id":"31066145"},"type":"Feature"},{"geometry":{"coordinates":[-3.5584055555555554,40.39726666666667],"type":"Point"},"properties":{"portal_id":"31066146"},"type":"Feature"},{"geometry":{"coordinates":[-3.558358333333333,40.39731111111111],"type":"Point"},"properties":{"portal_id":"31066147"},"type":"Feature"},{"geometry":{"coordinates":[-3.5583111111111108,40.39735833333333],"type":"Point"},"properties":{"portal_id":"31066148"},"type":"Feature"},{"geometry":{"coordinates":[-3.5582749999999996,40.39740277777778],"type":"Point"},"properties":{"portal_id":"31066149"},"type":"Feature"},{"geometry":{"coordinates":[-3.5582416666666665,40.39745555555555],"type":"Point"},"properties":{"portal_id":"31066150"},"type":"Feature"},{"geometry":{"coordinates":[-3.558172222222222,40.39751944444444],"type":"Point"},"properties":{"portal_id":"31066151"},"type":"Feature"},{"geometry":{"coordinates":[-3.5581361111111107,40.39756666666667],"type":"Point"},"properties":{"portal_id":"31066152"},"type":"Feature"},{"geometry":{"coordinates":[-3.558088888888889,40.39761111111111],"type":"Point"},"properties":{"portal_id":"31066153"},"type":"Feature"},{"geometry":{"coordinates":[-3.5580555555555553,40.39765555555555],"type":"Point"},"properties":{"portal_id":"31066154"},"type":"Feature"},{"geometry":{"coordinates":[-3.558019444444444,40.3977],"type":"Point"},"properties":{"portal_id":"31066155"},"type":"Feature"},{"geometry":{"coordinates":[-3.559125,40.397325],"type":"Point"},"properties":{"portal_id":"31066156"},"type":"Feature"},{"geometry":{"coordinates":[-3.5590777777777776,40.397372222222224],"type":"Point"},"properties":{"portal_id":"31066157"},"type":"Feature"},{"geometry":{"coordinates":[-3.5590416666666664,40.397416666666665],"type":"Point"},"properties":{"portal_id":"31066158"},"type":"Feature"},{"geometry":{"coordinates":[-3.5590083333333333,40.39746111111111],"type":"Point"},"properties":{"portal_id":"31066159"},"type":"Feature"},{"geometry":{"coordinates":[-3.558961111111111,40.397508333333334],"type":"Point"},"properties":{"portal_id":"31066160"},"type":"Feature"},{"geometry":{"coordinates":[-3.558925,40.397552777777776],"type":"Point"},"properties":{"portal_id":"31066161"},"type":"Feature"},{"geometry":{"coordinates":[-3.5588777777777776,40.397597222222224],"type":"Point"},"properties":{"portal_id":"31066162"},"type":"Feature"},{"geometry":{"coordinates":[-3.5588444444444445,40.397641666666665],"type":"Point"},"properties":{"portal_id":"31066163"},"type":"Feature"},{"geometry":{"coordinates":[-3.5588083333333334,40.39768888888889],"type":"Point"},"properties":{"portal_id":"31066164"},"type":"Feature"},{"geometry":{"coordinates":[-3.558761111111111,40.397733333333335],"type":"Point"},"properties":{"portal_id":"31066165"},"type":"Feature"},{"geometry":{"coordinates":[-3.558575,40.39786111111111],"type":"Point"},"properties":{"portal_id":"31066167"},"type":"Feature"},{"geometry":{"coordinates":[-3.5585277777777775,40.39790555555555],"type":"Point"},"properties":{"portal_id":"31066168"},"type":"Feature"},{"geometry":{"coordinates":[-3.5584916666666664,40.39795],"type":"Point"},"properties":{"portal_id":"31066169"},"type":"Feature"},{"geometry":{"coordinates":[-3.559238888888889,40.39707222222222],"type":"Point"},"properties":{"portal_id":"31066170"},"type":"Feature"},{"geometry":{"coordinates":[-3.5591805555555553,40.397038888888886],"type":"Point"},"properties":{"portal_id":"31066171"},"type":"Feature"},{"geometry":{"coordinates":[-3.559108333333333,40.39701111111111],"type":"Point"},"properties":{"portal_id":"31066172"},"type":"Feature"},{"geometry":{"coordinates":[-3.5590499999999996,40.39698333333333],"type":"Point"},"properties":{"portal_id":"31066173"},"type":"Feature"},{"geometry":{"coordinates":[-3.5589555555555554,40.39693888888889],"type":"Point"},"properties":{"portal_id":"31066174"},"type":"Feature"},{"geometry":{"coordinates":[-3.558897222222222,40.39691388888889],"type":"Point"},"properties":{"portal_id":"31066175"},"type":"Feature"},{"geometry":{"coordinates":[-3.558836111111111,40.396877777777775],"type":"Point"},"properties":{"portal_id":"31066176"},"type":"Feature"},{"geometry":{"coordinates":[-3.58455,40.36165833333334],"type":"Point"},"properties":{"portal_id":"31067071"},"type":"Feature"},{"geometry":{"coordinates":[-3.5522277777777775,40.39570277777778],"type":"Point"},"properties":{"portal_id":"31067319"},"type":"Feature"},{"geometry":{"coordinates":[-3.5521805555555552,40.39570277777778],"type":"Point"},"properties":{"portal_id":"31067320"},"type":"Feature"},{"geometry":{"coordinates":[-3.5520888888888886,40.39570277777778],"type":"Point"},"properties":{"portal_id":"31067321"},"type":"Feature"},{"geometry":{"coordinates":[-3.5520277777777776,40.39570277777778],"type":"Point"},"properties":{"portal_id":"31067322"},"type":"Feature"},{"geometry":{"coordinates":[-3.551947222222222,40.39570277777778],"type":"Point"},"properties":{"portal_id":"31067323"},"type":"Feature"},{"geometry":{"coordinates":[-3.551886111111111,40.39570277777778],"type":"Point"},"properties":{"portal_id":"31067324"},"type":"Feature"},{"geometry":{"coordinates":[-3.551805555555555,40.39570277777778],"type":"Point"},"properties":{"portal_id":"31067325"},"type":"Feature"},{"geometry":{"coordinates":[-3.551747222222222,40.39570277777778],"type":"Point"},"properties":{"portal_id":"31067326"},"type":"Feature"},{"geometry":{"coordinates":[-3.5516527777777775,40.39570555555556],"type":"Point"},"properties":{"portal_id":"31067327"},"type":"Feature"},{"geometry":{"coordinates":[-3.551322222222222,40.39570555555556],"type":"Point"},"properties":{"portal_id":"31067328"},"type":"Feature"},{"geometry":{"coordinates":[-3.5512277777777776,40.39570555555556],"type":"Point"},"properties":{"portal_id":"31067329"},"type":"Feature"},{"geometry":{"coordinates":[-3.5511805555555553,40.39570555555556],"type":"Point"},"properties":{"portal_id":"31067330"},"type":"Feature"},{"geometry":{"coordinates":[-3.5510861111111107,40.39570833333333],"type":"Point"},"properties":{"portal_id":"31067331"},"type":"Feature"},{"geometry":{"coordinates":[-3.551038888888889,40.39570833333333],"type":"Point"},"properties":{"portal_id":"31067332"},"type":"Feature"},{"geometry":{"coordinates":[-3.5509444444444442,40.39570833333333],"type":"Point"},"properties":{"portal_id":"31067333"},"type":"Feature"},{"geometry":{"coordinates":[-3.5507444444444443,40.39570833333333],"type":"Point"},"properties":{"portal_id":"31067334"},"type":"Feature"},{"geometry":{"coordinates":[-3.5508027777777778,40.39570833333333],"type":"Point"},"properties":{"portal_id":"31067336"},"type":"Feature"},{"geometry":{"coordinates":[-3.5508861111111107,40.39570833333333],"type":"Point"},"properties":{"portal_id":"31067337"},"type":"Feature"},{"geometry":{"coordinates":[-3.550675,40.39454722222222],"type":"Point"},"properties":{"portal_id":"31067338"},"type":"Feature"},{"geometry":{"coordinates":[-3.550675,40.39459166666666],"type":"Point"},"properties":{"portal_id":"31067339"},"type":"Feature"},{"geometry":{"coordinates":[-3.5506777777777776,40.39465555555555],"type":"Point"},"properties":{"portal_id":"31067340"},"type":"Feature"},{"geometry":{"coordinates":[-3.5506777777777776,40.3947],"type":"Point"},"properties":{"portal_id":"31067341"},"type":"Feature"},{"geometry":{"coordinates":[-3.5506777777777776,40.39476388888889],"type":"Point"},"properties":{"portal_id":"31067342"},"type":"Feature"},{"geometry":{"coordinates":[-3.5506777777777776,40.39480833333333],"type":"Point"},"properties":{"portal_id":"31067343"},"type":"Feature"},{"geometry":{"coordinates":[-3.5506777777777776,40.39487222222222],"type":"Point"},"properties":{"portal_id":"31067344"},"type":"Feature"},{"geometry":{"coordinates":[-3.5506777777777776,40.39491666666667],"type":"Point"},"properties":{"portal_id":"31067345"},"type":"Feature"},{"geometry":{"coordinates":[-3.550680555555555,40.39501666666666],"type":"Point"},"properties":{"portal_id":"31067346"},"type":"Feature"},{"geometry":{"coordinates":[-3.550680555555555,40.39506111111111],"type":"Point"},"properties":{"portal_id":"31067347"},"type":"Feature"},{"geometry":{"coordinates":[-3.550680555555555,40.39512222222222],"type":"Point"},"properties":{"portal_id":"31067348"},"type":"Feature"},{"geometry":{"coordinates":[-3.550680555555555,40.39516944444444],"type":"Point"},"properties":{"portal_id":"31067349"},"type":"Feature"},{"geometry":{"coordinates":[-3.550680555555555,40.39523055555556],"type":"Point"},"properties":{"portal_id":"31067350"},"type":"Feature"},{"geometry":{"coordinates":[-3.550680555555555,40.39527777777778],"type":"Point"},"properties":{"portal_id":"31067351"},"type":"Feature"},{"geometry":{"coordinates":[-3.550683333333333,40.39533888888889],"type":"Point"},"properties":{"portal_id":"31067352"},"type":"Feature"},{"geometry":{"coordinates":[-3.550683333333333,40.39538611111111],"type":"Point"},"properties":{"portal_id":"31067353"},"type":"Feature"},{"geometry":{"coordinates":[-3.550683333333333,40.395447222222224],"type":"Point"},"properties":{"portal_id":"31067354"},"type":"Feature"},{"geometry":{"coordinates":[-3.5513833333333333,40.394552777777776],"type":"Point"},"properties":{"portal_id":"31067357"},"type":"Feature"},{"geometry":{"coordinates":[-3.5513833333333333,40.39458888888889],"type":"Point"},"properties":{"portal_id":"31067358"},"type":"Feature"},{"geometry":{"coordinates":[-3.5513833333333333,40.39465277777778],"type":"Point"},"properties":{"portal_id":"31067359"},"type":"Feature"},{"geometry":{"coordinates":[-3.5513833333333333,40.39469722222222],"type":"Point"},"properties":{"portal_id":"31067360"},"type":"Feature"},{"geometry":{"coordinates":[-3.5513833333333333,40.39476111111111],"type":"Point"},"properties":{"portal_id":"31067361"},"type":"Feature"},{"geometry":{"coordinates":[-3.551386111111111,40.39480555555556],"type":"Point"},"properties":{"portal_id":"31067362"},"type":"Feature"},{"geometry":{"coordinates":[-3.551386111111111,40.394866666666665],"type":"Point"},"properties":{"portal_id":"31067363"},"type":"Feature"},{"geometry":{"coordinates":[-3.551386111111111,40.39491388888889],"type":"Point"},"properties":{"portal_id":"31067364"},"type":"Feature"},{"geometry":{"coordinates":[-3.551386111111111,40.39501111111111],"type":"Point"},"properties":{"portal_id":"31067365"},"type":"Feature"},{"geometry":{"coordinates":[-3.551386111111111,40.39505833333333],"type":"Point"},"properties":{"portal_id":"31067366"},"type":"Feature"},{"geometry":{"coordinates":[-3.551388888888889,40.39511944444445],"type":"Point"},"properties":{"portal_id":"31067367"},"type":"Feature"},{"geometry":{"coordinates":[-3.551388888888889,40.39516388888889],"type":"Point"},"properties":{"portal_id":"31067368"},"type":"Feature"},{"geometry":{"coordinates":[-3.551388888888889,40.39522777777778],"type":"Point"},"properties":{"portal_id":"31067369"},"type":"Feature"},{"geometry":{"coordinates":[-3.551388888888889,40.395272222222225],"type":"Point"},"properties":{"portal_id":"31067370"},"type":"Feature"},{"geometry":{"coordinates":[-3.551388888888889,40.395336111111114],"type":"Point"},"properties":{"portal_id":"31067371"},"type":"Feature"},{"geometry":{"coordinates":[-3.551388888888889,40.395380555555555],"type":"Point"},"properties":{"portal_id":"31067372"},"type":"Feature"},{"geometry":{"coordinates":[-3.5513916666666665,40.39544444444444],"type":"Point"},"properties":{"portal_id":"31067373"},"type":"Feature"},{"geometry":{"coordinates":[-3.551572222222222,40.394552777777776],"type":"Point"},"properties":{"portal_id":"31067376"},"type":"Feature"},{"geometry":{"coordinates":[-3.551572222222222,40.394597222222224],"type":"Point"},"properties":{"portal_id":"31067377"},"type":"Feature"},{"geometry":{"coordinates":[-3.551572222222222,40.39466111111111],"type":"Point"},"properties":{"portal_id":"31067378"},"type":"Feature"},{"geometry":{"coordinates":[-3.551572222222222,40.394705555555554],"type":"Point"},"properties":{"portal_id":"31067379"},"type":"Feature"},{"geometry":{"coordinates":[-3.551572222222222,40.39476666666667],"type":"Point"},"properties":{"portal_id":"31067380"},"type":"Feature"},{"geometry":{"coordinates":[-3.5515749999999997,40.39481388888889],"type":"Point"},"properties":{"portal_id":"31067381"},"type":"Feature"},{"geometry":{"coordinates":[-3.5515749999999997,40.394875],"type":"Point"},"properties":{"portal_id":"31067382"},"type":"Feature"},{"geometry":{"coordinates":[-3.5515749999999997,40.39492222222222],"type":"Point"},"properties":{"portal_id":"31067383"},"type":"Feature"},{"geometry":{"coordinates":[-3.5515749999999997,40.39501944444444],"type":"Point"},"properties":{"portal_id":"31067384"},"type":"Feature"},{"geometry":{"coordinates":[-3.5515749999999997,40.39505555555556],"type":"Point"},"properties":{"portal_id":"31067385"},"type":"Feature"},{"geometry":{"coordinates":[-3.5515749999999997,40.39511944444445],"type":"Point"},"properties":{"portal_id":"31067386"},"type":"Feature"},{"geometry":{"coordinates":[-3.5515777777777777,40.39517222222222],"type":"Point"},"properties":{"portal_id":"31067387"},"type":"Feature"},{"geometry":{"coordinates":[-3.5515777777777777,40.39523611111111],"type":"Point"},"properties":{"portal_id":"31067388"},"type":"Feature"},{"geometry":{"coordinates":[-3.5515777777777777,40.395272222222225],"type":"Point"},"properties":{"portal_id":"31067389"},"type":"Feature"},{"geometry":{"coordinates":[-3.5515777777777777,40.39534444444445],"type":"Point"},"properties":{"portal_id":"31067390"},"type":"Feature"},{"geometry":{"coordinates":[-3.5515777777777777,40.395380555555555],"type":"Point"},"properties":{"portal_id":"31067391"},"type":"Feature"},{"geometry":{"coordinates":[-3.5515777777777777,40.39545277777778],"type":"Point"},"properties":{"portal_id":"31067392"},"type":"Feature"},{"geometry":{"coordinates":[-3.5522777777777774,40.39453888888889],"type":"Point"},"properties":{"portal_id":"31067395"},"type":"Feature"},{"geometry":{"coordinates":[-3.5522777777777774,40.394594444444444],"type":"Point"},"properties":{"portal_id":"31067396"},"type":"Feature"},{"geometry":{"coordinates":[-3.5522805555555554,40.39464722222222],"type":"Point"},"properties":{"portal_id":"31067397"},"type":"Feature"},{"geometry":{"coordinates":[-3.5522805555555554,40.39469166666667],"type":"Point"},"properties":{"portal_id":"31067398"},"type":"Feature"},{"geometry":{"coordinates":[-3.5522805555555554,40.394755555555555],"type":"Point"},"properties":{"portal_id":"31067399"},"type":"Feature"},{"geometry":{"coordinates":[-3.5522805555555554,40.3948],"type":"Point"},"properties":{"portal_id":"31067400"},"type":"Feature"},{"geometry":{"coordinates":[-3.5522805555555554,40.394863888888885],"type":"Point"},"properties":{"portal_id":"31067401"},"type":"Feature"},{"geometry":{"coordinates":[-3.5522805555555554,40.39490833333333],"type":"Point"},"properties":{"portal_id":"31067402"},"type":"Feature"},{"geometry":{"coordinates":[-3.552283333333333,40.39500833333333],"type":"Point"},"properties":{"portal_id":"31067403"},"type":"Feature"},{"geometry":{"coordinates":[-3.552283333333333,40.39505277777778],"type":"Point"},"properties":{"portal_id":"31067404"},"type":"Feature"},{"geometry":{"coordinates":[-3.552283333333333,40.39511666666667],"type":"Point"},"properties":{"portal_id":"31067405"},"type":"Feature"},{"geometry":{"coordinates":[-3.552283333333333,40.395152777777774],"type":"Point"},"properties":{"portal_id":"31067406"},"type":"Feature"},{"geometry":{"coordinates":[-3.552294444444444,40.395224999999996],"type":"Point"},"properties":{"portal_id":"31067407"},"type":"Feature"},{"geometry":{"coordinates":[-3.552297222222222,40.395269444444445],"type":"Point"},"properties":{"portal_id":"31067408"},"type":"Feature"},{"geometry":{"coordinates":[-3.552286111111111,40.39533333333333],"type":"Point"},"properties":{"portal_id":"31067409"},"type":"Feature"},{"geometry":{"coordinates":[-3.552286111111111,40.39536944444444],"type":"Point"},"properties":{"portal_id":"31067410"},"type":"Feature"},{"geometry":{"coordinates":[-3.552286111111111,40.39543888888889],"type":"Point"},"properties":{"portal_id":"31067411"},"type":"Feature"},{"geometry":{"coordinates":[-3.5526888888888886,40.397061111111114],"type":"Point"},"properties":{"portal_id":"31068146"},"type":"Feature"},{"geometry":{"coordinates":[-3.5525138888888885,40.39725],"type":"Point"},"properties":{"portal_id":"31068147"},"type":"Feature"},{"geometry":{"coordinates":[-3.552361111111111,40.39743055555555],"type":"Point"},"properties":{"portal_id":"31068148"},"type":"Feature"},{"geometry":{"coordinates":[-3.597675,40.35825],"type":"Point"},"properties":{"portal_id":"31068150"},"type":"Feature"},{"geometry":{"coordinates":[-3.5975694444444444,40.35821388888889],"type":"Point"},"properties":{"portal_id":"31068151"},"type":"Feature"},{"geometry":{"coordinates":[-3.597475,40.35818888888889],"type":"Point"},"properties":{"portal_id":"31068152"},"type":"Feature"},{"geometry":{"coordinates":[-3.5958444444444444,40.35888055555556],"type":"Point"},"properties":{"portal_id":"31068575"},"type":"Feature"},{"geometry":{"coordinates":[-3.559586111111111,40.398944444444446],"type":"Point"},"properties":{"portal_id":"31068577"},"type":"Feature"},{"geometry":{"coordinates":[-3.5583527777777775,40.39664444444444],"type":"Point"},"properties":{"portal_id":"31068836"},"type":"Feature"},{"geometry":{"coordinates":[-3.663613888888889,40.38331388888889],"type":"Point"},"properties":{"portal_id":"31069067"},"type":"Feature"},{"geometry":{"coordinates":[-3.5839361111111114,40.36128333333333],"type":"Point"},"properties":{"portal_id":"31069068"},"type":"Feature"},{"geometry":{"coordinates":[-3.5840055555555557,40.36113888888889],"type":"Point"},"properties":{"portal_id":"31069069"},"type":"Feature"},{"geometry":{"coordinates":[-3.5614166666666667,40.3981],"type":"Point"},"properties":{"portal_id":"31069203"},"type":"Feature"},{"geometry":{"coordinates":[-3.547261111111111,40.40631111111111],"type":"Point"},"properties":{"portal_id":"31069213"},"type":"Feature"},{"geometry":{"coordinates":[-3.547213888888889,40.406302777777775],"type":"Point"},"properties":{"portal_id":"31069214"},"type":"Feature"},{"geometry":{"coordinates":[-3.5471305555555555,40.406302777777775],"type":"Point"},"properties":{"portal_id":"31069215"},"type":"Feature"},{"geometry":{"coordinates":[-3.547083333333333,40.406302777777775],"type":"Point"},"properties":{"portal_id":"31069216"},"type":"Feature"},{"geometry":{"coordinates":[-3.546988888888889,40.406302777777775],"type":"Point"},"properties":{"portal_id":"31069217"},"type":"Feature"},{"geometry":{"coordinates":[-3.5469277777777775,40.40599722222222],"type":"Point"},"properties":{"portal_id":"31069219"},"type":"Feature"},{"geometry":{"coordinates":[-3.5469277777777775,40.40606944444444],"type":"Point"},"properties":{"portal_id":"31069220"},"type":"Feature"},{"geometry":{"coordinates":[-3.6033,40.363030555555554],"type":"Point"},"properties":{"portal_id":"31069401"},"type":"Feature"},{"geometry":{"coordinates":[-3.6031944444444446,40.36298611111111],"type":"Point"},"properties":{"portal_id":"31069402"},"type":"Feature"},{"geometry":{"coordinates":[-3.6032055555555558,40.362808333333334],"type":"Point"},"properties":{"portal_id":"31069403"},"type":"Feature"},{"geometry":{"coordinates":[-3.603216666666667,40.36278888888889],"type":"Point"},"properties":{"portal_id":"31069404"},"type":"Feature"},{"geometry":{"coordinates":[-3.603286111111111,40.36270833333334],"type":"Point"},"properties":{"portal_id":"31069405"},"type":"Feature"},{"geometry":{"coordinates":[-3.6032972222222224,40.36268888888889],"type":"Point"},"properties":{"portal_id":"31069406"},"type":"Feature"},{"geometry":{"coordinates":[-3.6033666666666666,40.3626],"type":"Point"},"properties":{"portal_id":"31069407"},"type":"Feature"},{"geometry":{"coordinates":[-3.6033916666666665,40.362588888888894],"type":"Point"},"properties":{"portal_id":"31069408"},"type":"Feature"},{"geometry":{"coordinates":[-3.6037194444444447,40.36255277777778],"type":"Point"},"properties":{"portal_id":"31069409"},"type":"Feature"},{"geometry":{"coordinates":[-3.603613888888889,40.362497222222224],"type":"Point"},"properties":{"portal_id":"31069410"},"type":"Feature"},{"geometry":{"coordinates":[-3.597386111111111,40.35879166666667],"type":"Point"},"properties":{"portal_id":"31069427"},"type":"Feature"},{"geometry":{"coordinates":[-3.5973694444444444,40.35815277777778],"type":"Point"},"properties":{"portal_id":"31069895"},"type":"Feature"},{"geometry":{"coordinates":[-3.6007833333333332,40.359341666666666],"type":"Point"},"properties":{"portal_id":"31069903"},"type":"Feature"},{"geometry":{"coordinates":[-3.6008055555555556,40.35930555555556],"type":"Point"},"properties":{"portal_id":"31069904"},"type":"Feature"},{"geometry":{"coordinates":[-3.600852777777778,40.359252777777776],"type":"Point"},"properties":{"portal_id":"31069905"},"type":"Feature"},{"geometry":{"coordinates":[-3.600888888888889,40.35921666666667],"type":"Point"},"properties":{"portal_id":"31069906"},"type":"Feature"},{"geometry":{"coordinates":[-3.6009333333333333,40.35916111111111],"type":"Point"},"properties":{"portal_id":"31069907"},"type":"Feature"},{"geometry":{"coordinates":[-3.6009694444444444,40.359116666666665],"type":"Point"},"properties":{"portal_id":"31069908"},"type":"Feature"},{"geometry":{"coordinates":[-3.6010166666666668,40.35906111111111],"type":"Point"},"properties":{"portal_id":"31069909"},"type":"Feature"},{"geometry":{"coordinates":[-3.601038888888889,40.359025],"type":"Point"},"properties":{"portal_id":"31069910"},"type":"Feature"},{"geometry":{"coordinates":[-3.601097222222222,40.358980555555554],"type":"Point"},"properties":{"portal_id":"31069911"},"type":"Feature"},{"geometry":{"coordinates":[-3.6008166666666668,40.359180555555554],"type":"Point"},"properties":{"portal_id":"31069912"},"type":"Feature"},{"geometry":{"coordinates":[-3.6007805555555557,40.359144444444446],"type":"Point"},"properties":{"portal_id":"31069913"},"type":"Feature"},{"geometry":{"coordinates":[-3.6007111111111114,40.35910833333333],"type":"Point"},"properties":{"portal_id":"31069914"},"type":"Feature"},{"geometry":{"coordinates":[-3.600663888888889,40.359072222222224],"type":"Point"},"properties":{"portal_id":"31069915"},"type":"Feature"},{"geometry":{"coordinates":[-3.600602777777778,40.35903611111111],"type":"Point"},"properties":{"portal_id":"31069916"},"type":"Feature"},{"geometry":{"coordinates":[-3.6005555555555557,40.359],"type":"Point"},"properties":{"portal_id":"31069917"},"type":"Feature"},{"geometry":{"coordinates":[-3.6004972222222222,40.35895555555555],"type":"Point"},"properties":{"portal_id":"31069918"},"type":"Feature"},{"geometry":{"coordinates":[-3.60045,40.35893055555556],"type":"Point"},"properties":{"portal_id":"31069919"},"type":"Feature"},{"geometry":{"coordinates":[-3.600391666666667,40.35888333333333],"type":"Point"},"properties":{"portal_id":"31069920"},"type":"Feature"},{"geometry":{"coordinates":[-3.6003444444444446,40.35885833333334],"type":"Point"},"properties":{"portal_id":"31069921"},"type":"Feature"},{"geometry":{"coordinates":[-3.6002833333333335,40.35881388888889],"type":"Point"},"properties":{"portal_id":"31069922"},"type":"Feature"},{"geometry":{"coordinates":[-3.600166666666667,40.35874166666667],"type":"Point"},"properties":{"portal_id":"31069923"},"type":"Feature"},{"geometry":{"coordinates":[-3.6000944444444447,40.358697222222226],"type":"Point"},"properties":{"portal_id":"31069924"},"type":"Feature"},{"geometry":{"coordinates":[-3.6000472222222224,40.358669444444445],"type":"Point"},"properties":{"portal_id":"31069925"},"type":"Feature"},{"geometry":{"coordinates":[-3.599975,40.35863333333334],"type":"Point"},"properties":{"portal_id":"31069926"},"type":"Feature"},{"geometry":{"coordinates":[-3.599927777777778,40.358608333333336],"type":"Point"},"properties":{"portal_id":"31069927"},"type":"Feature"},{"geometry":{"coordinates":[-3.5998583333333336,40.35856388888889],"type":"Point"},"properties":{"portal_id":"31069928"},"type":"Feature"},{"geometry":{"coordinates":[-3.5998222222222225,40.358536111111114],"type":"Point"},"properties":{"portal_id":"31069929"},"type":"Feature"},{"geometry":{"coordinates":[-3.5997500000000002,40.3585],"type":"Point"},"properties":{"portal_id":"31069930"},"type":"Feature"},{"geometry":{"coordinates":[-3.599702777777778,40.358475],"type":"Point"},"properties":{"portal_id":"31069931"},"type":"Feature"},{"geometry":{"coordinates":[-3.5996444444444444,40.35842777777778],"type":"Point"},"properties":{"portal_id":"31069932"},"type":"Feature"},{"geometry":{"coordinates":[-3.5995972222222226,40.358402777777776],"type":"Point"},"properties":{"portal_id":"31069933"},"type":"Feature"},{"geometry":{"coordinates":[-3.6009333333333333,40.35897222222222],"type":"Point"},"properties":{"portal_id":"31069934"},"type":"Feature"},{"geometry":{"coordinates":[-3.600897222222222,40.35894444444445],"type":"Point"},"properties":{"portal_id":"31069935"},"type":"Feature"},{"geometry":{"coordinates":[-3.600827777777778,40.3589],"type":"Point"},"properties":{"portal_id":"31069936"},"type":"Feature"},{"geometry":{"coordinates":[-3.600777777777778,40.358875000000005],"type":"Point"},"properties":{"portal_id":"31069937"},"type":"Feature"},{"geometry":{"coordinates":[-3.6007194444444446,40.358827777777776],"type":"Point"},"properties":{"portal_id":"31069938"},"type":"Feature"},{"geometry":{"coordinates":[-3.6006833333333335,40.35880277777778],"type":"Point"},"properties":{"portal_id":"31069939"},"type":"Feature"},{"geometry":{"coordinates":[-3.600613888888889,40.358758333333334],"type":"Point"},"properties":{"portal_id":"31069940"},"type":"Feature"},{"geometry":{"coordinates":[-3.600566666666667,40.35872222222223],"type":"Point"},"properties":{"portal_id":"31069941"},"type":"Feature"},{"geometry":{"coordinates":[-3.600505555555556,40.35868611111111],"type":"Point"},"properties":{"portal_id":"31069942"},"type":"Feature"},{"geometry":{"coordinates":[-3.6004583333333335,40.358650000000004],"type":"Point"},"properties":{"portal_id":"31069943"},"type":"Feature"},{"geometry":{"coordinates":[-3.6003416666666666,40.35857777777778],"type":"Point"},"properties":{"portal_id":"31069944"},"type":"Feature"},{"geometry":{"coordinates":[-3.6002944444444447,40.35855277777778],"type":"Point"},"properties":{"portal_id":"31069945"},"type":"Feature"},{"geometry":{"coordinates":[-3.6002222222222224,40.35850833333333],"type":"Point"},"properties":{"portal_id":"31069946"},"type":"Feature"},{"geometry":{"coordinates":[-3.600175,40.35848055555556],"type":"Point"},"properties":{"portal_id":"31069947"},"type":"Feature"},{"geometry":{"coordinates":[-3.600102777777778,40.358444444444444],"type":"Point"},"properties":{"portal_id":"31069948"},"type":"Feature"},{"geometry":{"coordinates":[-3.6000555555555556,40.35841666666667],"type":"Point"},"properties":{"portal_id":"31069949"},"type":"Feature"},{"geometry":{"coordinates":[-3.5999861111111113,40.35837222222222],"type":"Point"},"properties":{"portal_id":"31069950"},"type":"Feature"},{"geometry":{"coordinates":[-3.59995,40.35834722222222],"type":"Point"},"properties":{"portal_id":"31069951"},"type":"Feature"},{"geometry":{"coordinates":[-3.599877777777778,40.358311111111114],"type":"Point"},"properties":{"portal_id":"31069952"},"type":"Feature"},{"geometry":{"coordinates":[-3.5998305555555556,40.35828333333333],"type":"Point"},"properties":{"portal_id":"31069953"},"type":"Feature"},{"geometry":{"coordinates":[-3.611613888888889,40.491591666666665],"type":"Point"},"properties":{"portal_id":"31070223"},"type":"Feature"},{"geometry":{"coordinates":[-3.611425,40.491594444444445],"type":"Point"},"properties":{"portal_id":"31070224"},"type":"Feature"},{"geometry":{"coordinates":[-3.6112722222222224,40.491594444444445],"type":"Point"},"properties":{"portal_id":"31070225"},"type":"Feature"},{"geometry":{"coordinates":[-3.6111083333333336,40.49191944444445],"type":"Point"},"properties":{"portal_id":"31070226"},"type":"Feature"},{"geometry":{"coordinates":[-3.6111583333333335,40.492044444444446],"type":"Point"},"properties":{"portal_id":"31070227"},"type":"Feature"},{"geometry":{"coordinates":[-3.5865722222222223,40.365297222222225],"type":"Point"},"properties":{"portal_id":"31070761"},"type":"Feature"},{"geometry":{"coordinates":[-3.5867750000000003,40.36423333333334],"type":"Point"},"properties":{"portal_id":"31070764"},"type":"Feature"},{"geometry":{"coordinates":[-3.587025,40.364358333333335],"type":"Point"},"properties":{"portal_id":"31070765"},"type":"Feature"},{"geometry":{"coordinates":[-3.595375,40.359116666666665],"type":"Point"},"properties":{"portal_id":"31072409"},"type":"Feature"},{"geometry":{"coordinates":[-3.6144166666666666,40.487072222222224],"type":"Point"},"properties":{"portal_id":"31072442"},"type":"Feature"},{"geometry":{"coordinates":[-3.6143222222222224,40.48701944444444],"type":"Point"},"properties":{"portal_id":"31072443"},"type":"Feature"},{"geometry":{"coordinates":[-3.6140972222222225,40.48715555555555],"type":"Point"},"properties":{"portal_id":"31072444"},"type":"Feature"},{"geometry":{"coordinates":[-3.6139805555555555,40.48728333333334],"type":"Point"},"properties":{"portal_id":"31072445"},"type":"Feature"},{"geometry":{"coordinates":[-3.613852777777778,40.487408333333335],"type":"Point"},"properties":{"portal_id":"31072446"},"type":"Feature"},{"geometry":{"coordinates":[-3.5639999999999996,40.40123055555556],"type":"Point"},"properties":{"portal_id":"31073020"},"type":"Feature"},{"geometry":{"coordinates":[-3.5560194444444444,40.39661111111111],"type":"Point"},"properties":{"portal_id":"31073608"},"type":"Feature"},{"geometry":{"coordinates":[-3.562683333333333,40.40440833333333],"type":"Point"},"properties":{"portal_id":"31075580"},"type":"Feature"},{"geometry":{"coordinates":[-3.7022444444444447,40.34813055555556],"type":"Point"},"properties":{"portal_id":"31075921"},"type":"Feature"},{"geometry":{"coordinates":[-3.7028333333333334,40.348172222222225],"type":"Point"},"properties":{"portal_id":"31075922"},"type":"Feature"},{"geometry":{"coordinates":[-3.5509888888888885,40.408202777777774],"type":"Point"},"properties":{"portal_id":"31075993"},"type":"Feature"},{"geometry":{"coordinates":[-3.5510249999999997,40.408375],"type":"Point"},"properties":{"portal_id":"31075994"},"type":"Feature"},{"geometry":{"coordinates":[-3.5346083333333334,40.40098333333333],"type":"Point"},"properties":{"portal_id":"31076038"},"type":"Feature"},{"geometry":{"coordinates":[-3.5346055555555553,40.400730555555555],"type":"Point"},"properties":{"portal_id":"31076039"},"type":"Feature"},{"geometry":{"coordinates":[-3.533888888888889,40.40099444444444],"type":"Point"},"properties":{"portal_id":"31076043"},"type":"Feature"},{"geometry":{"coordinates":[-3.5338305555555554,40.40094166666667],"type":"Point"},"properties":{"portal_id":"31076044"},"type":"Feature"},{"geometry":{"coordinates":[-3.5337527777777775,40.40025833333333],"type":"Point"},"properties":{"portal_id":"31076048"},"type":"Feature"},{"geometry":{"coordinates":[-3.5337527777777775,40.400327777777775],"type":"Point"},"properties":{"portal_id":"31076049"},"type":"Feature"},{"geometry":{"coordinates":[-3.5374555555555554,40.40044722222222],"type":"Point"},"properties":{"portal_id":"31076257"},"type":"Feature"},{"geometry":{"coordinates":[-3.5374583333333334,40.400752777777775],"type":"Point"},"properties":{"portal_id":"31076261"},"type":"Feature"},{"geometry":{"coordinates":[-3.539447222222222,40.399094444444444],"type":"Point"},"properties":{"portal_id":"31076277"},"type":"Feature"},{"geometry":{"coordinates":[-3.539447222222222,40.39888888888889],"type":"Point"},"properties":{"portal_id":"31076278"},"type":"Feature"},{"geometry":{"coordinates":[-3.5394444444444444,40.39863611111111],"type":"Point"},"properties":{"portal_id":"31076279"},"type":"Feature"},{"geometry":{"coordinates":[-3.5394416666666664,40.398427777777776],"type":"Point"},"properties":{"portal_id":"31076280"},"type":"Feature"},{"geometry":{"coordinates":[-3.5394638888888887,40.39822222222222],"type":"Point"},"properties":{"portal_id":"31076281"},"type":"Feature"},{"geometry":{"coordinates":[-3.539747222222222,40.398247222222224],"type":"Point"},"properties":{"portal_id":"31076282"},"type":"Feature"},{"geometry":{"coordinates":[-3.540672222222222,40.39888333333333],"type":"Point"},"properties":{"portal_id":"31076287"},"type":"Feature"},{"geometry":{"coordinates":[-3.540625,40.3991],"type":"Point"},"properties":{"portal_id":"31076288"},"type":"Feature"},{"geometry":{"coordinates":[-3.540297222222222,40.39910833333333],"type":"Point"},"properties":{"portal_id":"31076289"},"type":"Feature"},{"geometry":{"coordinates":[-3.5357916666666664,40.40011388888889],"type":"Point"},"properties":{"portal_id":"31076402"},"type":"Feature"},{"geometry":{"coordinates":[-3.540458333333333,40.40009166666667],"type":"Point"},"properties":{"portal_id":"31076691"},"type":"Feature"},{"geometry":{"coordinates":[-3.533672222222222,40.39884166666667],"type":"Point"},"properties":{"portal_id":"31076729"},"type":"Feature"},{"geometry":{"coordinates":[-3.535572222222222,40.40094166666667],"type":"Point"},"properties":{"portal_id":"31076733"},"type":"Feature"},{"geometry":{"coordinates":[-3.5407555555555557,40.40063055555555],"type":"Point"},"properties":{"portal_id":"31076922"},"type":"Feature"},{"geometry":{"coordinates":[-3.5407249999999997,40.40099166666666],"type":"Point"},"properties":{"portal_id":"31076923"},"type":"Feature"},{"geometry":{"coordinates":[-3.5402888888888886,40.40101111111111],"type":"Point"},"properties":{"portal_id":"31076924"},"type":"Feature"},{"geometry":{"coordinates":[-3.5337805555555555,40.39926666666667],"type":"Point"},"properties":{"portal_id":"31076931"},"type":"Feature"},{"geometry":{"coordinates":[-3.533783333333333,40.39952777777778],"type":"Point"},"properties":{"portal_id":"31076932"},"type":"Feature"},{"geometry":{"coordinates":[-3.533819444444444,40.39969722222222],"type":"Point"},"properties":{"portal_id":"31076933"},"type":"Feature"},{"geometry":{"coordinates":[-3.534186111111111,40.39969722222222],"type":"Point"},"properties":{"portal_id":"31076934"},"type":"Feature"},{"geometry":{"coordinates":[-3.53455,40.39969444444444],"type":"Point"},"properties":{"portal_id":"31076935"},"type":"Feature"},{"geometry":{"coordinates":[-3.5345833333333334,40.39953333333333],"type":"Point"},"properties":{"portal_id":"31076936"},"type":"Feature"},{"geometry":{"coordinates":[-3.5345833333333334,40.39926111111111],"type":"Point"},"properties":{"portal_id":"31076937"},"type":"Feature"},{"geometry":{"coordinates":[-3.540658333333333,40.39875555555555],"type":"Point"},"properties":{"portal_id":"31077043"},"type":"Feature"},{"geometry":{"coordinates":[-3.540658333333333,40.398575],"type":"Point"},"properties":{"portal_id":"31077044"},"type":"Feature"},{"geometry":{"coordinates":[-3.5405249999999997,40.39833333333333],"type":"Point"},"properties":{"portal_id":"31077045"},"type":"Feature"},{"geometry":{"coordinates":[-3.5402666666666667,40.398336111111114],"type":"Point"},"properties":{"portal_id":"31077046"},"type":"Feature"},{"geometry":{"coordinates":[-3.533672222222222,40.39906944444444],"type":"Point"},"properties":{"portal_id":"31077088"},"type":"Feature"}],"type":"FeatureCollection"}
